"report_name","report_url","report_source"
"COVID-19 Pandemic Small Business Recovery Grant Program Report - September 2022 Update","https://esd.ny.gov/esd-media-center/reports/covid-19-pandemic-small-business-recovery-grant-program-report-september-2022","https://esd.ny.gov/esd-media-center/reports?tid[]=516"
"Restaurant Return-To-Work Tax Credit Program Quarterly Report - Q3 2022","https://esd.ny.gov/esd-media-center/reports/restaurant-return-work-tax-credit-program-quarterly-report-q3-2022","https://esd.ny.gov/esd-media-center/reports?tid[]=516"
"Empire State Jobs Retention Program - Quarterly Report: 6/30/2022","https://esd.ny.gov/esd-media-center/reports/empire-state-jobs-retention-program-quarterly-report-6302022","https://esd.ny.gov/esd-media-center/reports?tid[]=516"
"Excelsior Jobs Program Quarterly Report: 6/30/2022","https://esd.ny.gov/esd-media-center/reports/excelsior-jobs-program-quarterly-report-6302022","https://esd.ny.gov/esd-media-center/reports?tid[]=516"
"Annual Program Report Fiscal Year 2021-2022","https://esd.ny.gov/sites/default/files/news-articles/Annual-Program-Report-FY-2021-2022-FINAL.pdf","https://esd.ny.gov/esd-media-center/reports?tid[]=516"
"2021 Tourism Economics","https://esd.ny.gov/esd-media-center/reports/2021-tourism-economics","https://esd.ny.gov/esd-media-center/reports?tid[]=516"
"2022 - Annual Report on the State of Small Businesses","https://esd.ny.gov/esd-media-center/reports/2022-annual-report-on-the-state-of-small-businesses","https://esd.ny.gov/esd-media-center/reports?tid[]=516"
"NYSTAR 2022 Annual Report","https://esd.ny.gov/esd-media-center/reports/nystar-2022-annual-report","https://esd.ny.gov/esd-media-center/reports?tid[]=516"
"Empire State Development Quarterly Status Reports: 2022-2023","https://esd.ny.gov/esd-media-center/reports/empire-state-development-quarterly-status-reports-2022-2023","https://esd.ny.gov/esd-media-center/reports?tid[]=516"
"COVID-19 Pandemic Small Business Recovery Grant Program Report - June 2022 Update","https://esd.ny.gov/reports/covid-19-pandemic-small-business-recovery-grant-program-report-june-2022","https://esd.ny.gov/esd-media-center/reports?tid[]=516"
"Restaurant Return-To-Work Tax Credit Program Quarterly Report - Q2 2022","https://esd.ny.gov/restaurant-return-work-tax-credit-program-quarterly-report-q2-2022","https://esd.ny.gov/esd-media-center/reports?tid[0]=516&page=1"
"Film Tax Credit 2022 Quarterly Reports","https://esd.ny.gov/film-tax-credit-2022-quarterly-reports","https://esd.ny.gov/esd-media-center/reports?tid[0]=516&page=1"
"Excelsior Jobs Program Quarterly Report: 3/31/2022","https://esd.ny.gov/esd-media-center/reports/excelsior-jobs-program-quarterly-report-3312022","https://esd.ny.gov/esd-media-center/reports?tid[0]=516&page=1"
"Empire State Jobs Retention Program - Quarterly Report: 3/31/2022","https://esd.ny.gov/esd-media-center/reports/empire-state-jobs-retention-program-quarterly-report-3312022","https://esd.ny.gov/esd-media-center/reports?tid[0]=516&page=1"
"Commercial Production Tax Credit Program Annual Report: 2020","https://esd.ny.gov/esd-media-center/reports/commercial-production-tax-credit-program-annual-report-2020","https://esd.ny.gov/esd-media-center/reports?tid[0]=516&page=1"
"COVID-19 Pandemic Small Business Recovery Grant Program Report - March 2022 Update","https://esd.ny.gov/esd-media-center/reports/covid-19-pandemic-small-business-recovery-grant-program-report-march-2022","https://esd.ny.gov/esd-media-center/reports?tid[0]=516&page=1"
"Restaurant Return-To-Work Tax Credit Program Quarterly Report","https://esd.ny.gov/esd-media-center/reports/restaurant-return-work-tax-credit-program-quarterly-report","https://esd.ny.gov/esd-media-center/reports?tid[0]=516&page=1"
"Empire State Jobs Retention Program - Quarterly Report: 12/31/2021","https://esd.ny.gov/esd-media-center/reports/empire-state-jobs-retention-program-quarterly-report-12312021","https://esd.ny.gov/esd-media-center/reports?tid[0]=516&page=1"
"Excelsior Jobs Program Quarterly Report: 12/31/2021","https://esd.ny.gov/esd-media-center/reports/excelsior-jobs-program-quarterly-report-12312021","https://esd.ny.gov/esd-media-center/reports?tid[0]=516&page=1"
"Centers of Excellence 2021 Report","https://esd.ny.gov/esd-media-center/reports/centers-excellence-2021-report","https://esd.ny.gov/esd-media-center/reports?tid[0]=516&page=1"
"Linked Deposit 2021 Annual Report","https://esd.ny.gov/esd-media-center/reports/linked-deposit-2021-annual-report","https://esd.ny.gov/esd-media-center/reports?tid[0]=516&page=2"
"Musical and Theatrical Tax Credit Annual Report: 2021","https://esd.ny.gov/esd-media-center/reports/musical-and-theatrical-tax-credit-annual-report-2021","https://esd.ny.gov/esd-media-center/reports?tid[0]=516&page=2"
"Commercial Production Tax Credit Program Annual Report: 2019","https://esd.ny.gov/esd-media-center/reports/commercial-production-tax-credit-program-annual-report-2019","https://esd.ny.gov/esd-media-center/reports?tid[0]=516&page=2"
"Entrepreneurship Assistance Centers (EAC) Annual Report 2020-2021","https://esd.ny.gov/esd-media-center/reports/entrepreneurship-assistance-centers-eac-annual-report-2020-2021","https://esd.ny.gov/esd-media-center/reports?tid[0]=516&page=2"
"I Love New York Hospitality Suite – 2021-22 Season Report","https://esd.ny.gov/esd-media-center/reports/i-love-new-york-hospitality-suite-2021-22-season-report","https://esd.ny.gov/esd-media-center/reports?tid[0]=516&page=2"
"Tourism and Business Marketing Report FY 2020/2021","https://esd.ny.gov/esd-media-center/reports/tourism-and-business-marketing-report-fy-20202021","https://esd.ny.gov/esd-media-center/reports?tid[0]=516&page=2"
"ESD 2020 Annual Jobs Report","https://esd.ny.gov/esd-media-center/reports/esd-2020-annual-jobs-report","https://esd.ny.gov/esd-media-center/reports?tid[0]=516&page=2"
"COVID-19 Pandemic Small Business Recovery Grant Program Report - December 2021 Update","https://esd.ny.gov/esd-media-center/reports/covid-19-pandemic-small-business-recovery-grant-program-report-december","https://esd.ny.gov/esd-media-center/reports?tid[0]=516&page=2"
"New York Manufacturing Extension Partnership 2021 Report","https://esd.ny.gov/sites/default/files/news-articles/2021-NYSTAR-NY-MEP-Annual-Report.pdf","https://esd.ny.gov/esd-media-center/reports?tid[0]=516&page=2"
"Buffalo Bills CAAicon-Populous documents","https://esd.ny.gov/esd-media-center/reports/buffalo-bills-caaicon-populous-documents","https://esd.ny.gov/esd-media-center/reports?tid[0]=516&page=2"
"Key Regulatory Changes Affecting Small Businesses – July 2020 – June 2021","https://esd.ny.gov/esd-media-center/reports/key-regulatory-changes-affecting-small-businesses-%E2%80%93-july-2020-%E2%80%93-june-2021","https://esd.ny.gov/esd-media-center/reports?tid[0]=516&page=3"
"Key Legislative Changes Affecting Small Businesses – 2021 Legislative Session","https://esd.ny.gov/esd-media-center/reports/key-legislative-changes-affecting-small-businesses-%E2%80%93-2021-legislative","https://esd.ny.gov/esd-media-center/reports?tid[0]=516&page=3"
"Key Budgetary Changes Affecting Small Businesses – FY 20-21 to FY 21-22","https://esd.ny.gov/esd-media-center/reports/key-budgetary-changes-affecting-small-businesses-%E2%80%93-fy-20-21-fy-21-22","https://esd.ny.gov/esd-media-center/reports?tid[0]=516&page=3"
"Division of Minority and Women's Business Development Annual Report 2021","https://esd.ny.gov/esd-media-center/reports/division-minority-and-womens-business-development-annual-report-2021","https://esd.ny.gov/esd-media-center/reports?tid[0]=516&page=3"
"Empire State Jobs Retention Program - Quarterly Report: 9/30/2021","https://esd.ny.gov/esd-media-center/reports/empire-state-jobs-retention-program-quarterly-report-9302021","https://esd.ny.gov/esd-media-center/reports?tid[0]=516&page=3"
"Excelsior Jobs Program Quarterly Report: 9/30/2021","https://esd.ny.gov/esd-media-center/reports/excelsior-jobs-program-quarterly-report-9302021","https://esd.ny.gov/esd-media-center/reports?tid[0]=516&page=3"
"Life Science Initiative Annual Report 2021","https://esd.ny.gov/sites/default/files/news-articles/Life-Science-Annual-Report-2021_0.pdf","https://esd.ny.gov/esd-media-center/reports?tid[0]=516&page=3"
"Tourism and Business Marketing Report FY 2019/2020","https://esd.ny.gov/sites/default/files/news-articles/Tourism-and-Business-Marketing-Report-FY-19-20.pdf","https://esd.ny.gov/esd-media-center/reports?tid[0]=516&page=3"
"Centers for Advanced Technology 2021 Report","https://esd.ny.gov/sites/default/files/news-articles/2021-NYSTAR-CAT-Report-Final.pdf","https://esd.ny.gov/esd-media-center/reports?tid[0]=516&page=3"
"Preliminary Buffalo Bills Stadium Analysis","https://esd.ny.gov/esd-media-center/reports/preliminary-buffalo-bills-stadium-analysis","https://esd.ny.gov/esd-media-center/reports?tid[0]=516&page=3"
"Government Transparency Initiative: Empire State Development","https://esd.ny.gov/esd-media-center/reports/government-transparency-initiative-empire-state-development","https://esd.ny.gov/esd-media-center/reports?tid[0]=516&page=4"
"CDFI Assistance Program 2020 Annual Report","https://esd.ny.gov/sites/default/files/news-articles/2021-CDFI-Report.pdf","https://esd.ny.gov/esd-media-center/reports?tid[0]=516&page=4"
"Empire State Development Quarterly Status Reports: 2021-2022","https://esd.ny.gov/esd-media-center/reports/empire-state-development-quarterly-status-reports-2021-2022","https://esd.ny.gov/esd-media-center/reports?tid[0]=516&page=4"
"Annual Program Report Fiscal Year 2020-2021","https://esd.ny.gov/sites/default/files/news-articles/Annual-ESD-Status-Report-FY-2020-21.pdf","https://esd.ny.gov/esd-media-center/reports?tid[0]=516&page=4"
"Regional Revolving Loan Trust Fund Report FY2020-2021","https://esd.ny.gov/sites/default/files/news-articles/2021-RRLTF-Annual-Report.pdf","https://esd.ny.gov/esd-media-center/reports?tid[0]=516&page=4"
"Regional Revolving Loan Trust Fund Report FY2019-2020","https://esd.ny.gov/sites/default/files/news-articles/RRLTF-Annual-Report-FY-2020.pdf","https://esd.ny.gov/esd-media-center/reports?tid[0]=516&page=4"
"2020 Annual Report on the State of Small Businesses","https://esd.ny.gov/sites/default/files/news-articles/2020-ESD-ANNUAL-REPORT-SMALL-BUSINESS.pdf","https://esd.ny.gov/esd-media-center/reports?tid[0]=516&page=4"
"Centers for Advanced Technology Report (FY2018-2019)","https://esd.ny.gov/sites/default/files/news-articles/2020-NYSTAR-CAT-Report-FY2018-2019.pdf","https://esd.ny.gov/esd-media-center/reports?tid[0]=516&page=4"
"NY Manufacturing Extension Partnership Annual Report FY2019","https://esd.ny.gov/sites/default/files/news-articles/2020-NYSTAR-NY-MEP-FY2019-Annual-Report.pdf","https://esd.ny.gov/esd-media-center/reports?tid[0]=516&page=4"
"NYSTAR 2020 Annual Report","https://esd.ny.gov/sites/default/files/news-articles/2020-NYSTAR-Annual-Report-FINAL.pdf","https://esd.ny.gov/esd-media-center/reports?tid[0]=516&page=4"
"2020 Tourism Economics","https://esd.ny.gov/esd-media-center/reports/2020-tourism-economics","https://esd.ny.gov/esd-media-center/reports?tid[0]=516&page=5"
"2021 Annual Report on the State of Small Businesses","https://esd.ny.gov/sites/default/files/2021-Annual-Report-on-the-State-of-Small-Business-Final.pdf","https://esd.ny.gov/esd-media-center/reports?tid[0]=516&page=5"
"NYSTAR 2021 Annual Report","https://esd.ny.gov/sites/default/files/2021-NYSTAR-Annual-Report-Final.pdf","https://esd.ny.gov/esd-media-center/reports?tid[0]=516&page=5"
"Commercial Production Tax Credit Program Annual Report: 2018","https://esd.ny.gov/commercial-production-tax-credit-program-annual-report-2018","https://esd.ny.gov/esd-media-center/reports?tid[0]=516&page=5"
"COVID-19 Pandemic Small Business Recovery Grant Program Report","https://esd.ny.gov/sites/default/files/news-articles/COVID-19-Pandemic-Small-Business-Recovery-Grant-Program-Report.pdf","https://esd.ny.gov/esd-media-center/reports?tid[0]=516&page=5"
"Upstate Cellular Coverage Task Force Report","https://esd.ny.gov/sites/default/files/news-articles/Upstate-Cellular-Coverage-Task-Force-Report.pdf","https://esd.ny.gov/esd-media-center/reports?tid[0]=516&page=5"
"Excelsior Jobs Program Quarterly Report: 6/30/2021","https://esd.ny.gov/esd-media-center/reports/excelsior-jobs-program-quarterly-report-6302021","https://esd.ny.gov/esd-media-center/reports?tid[0]=516&page=5"
"Empire State Jobs Retention Program - Quarterly Report: 6/30/2021","https://esd.ny.gov/esd-media-center/reports/empire-state-jobs-retention-program-quarterly-report-6302021","https://esd.ny.gov/esd-media-center/reports?tid[0]=516&page=5"
"Life Science Initiative Annual Report - 2020","https://esd.ny.gov/esd-media-center/reports/life-science-initiative-annual-report-2020","https://esd.ny.gov/esd-media-center/reports?tid[0]=516&page=5"
"Film Tax Credit 2021 Quarterly Reports","https://esd.ny.gov/film-tax-credit-2021-quarterly-reports","https://esd.ny.gov/esd-media-center/reports?tid[0]=516&page=5"
"New York Manufacturing Extension Partnership 2020 Report","https://esd.ny.gov/esd-media-center/reports/new-york-manufacturing-extension-partnership-2020-report","https://esd.ny.gov/esd-media-center/reports?tid[0]=516&page=6"
"Centers of Excellence Report (FY 2018 -2019)","https://esd.ny.gov/esd-media-center/reports/centers-excellence-report-fy-2018-2019","https://esd.ny.gov/esd-media-center/reports?tid[0]=516&page=6"
"Linked Deposit 2020 Annual Report","https://esd.ny.gov/esd-media-center/reports/linked-deposit-2020-annual-report","https://esd.ny.gov/esd-media-center/reports?tid[0]=516&page=6"
"Entrepreneurship Assistance Centers (EAC) Annual Report 2019-2020","https://esd.ny.gov/esd-media-center/reports/entrepreneurship-assistance-centers-eac-annual-report-2019-2020","https://esd.ny.gov/esd-media-center/reports?tid[0]=516&page=6"
"Centers for Advanced Technology Program 2020 Report","https://esd.ny.gov/esd-media-center/reports/centers-advanced-technology-program-2020-report","https://esd.ny.gov/esd-media-center/reports?tid[0]=516&page=6"
"Empire State Jobs Retention Program - Quarterly Report: 3/31/2021","https://esd.ny.gov/esd-media-center/reports/empire-state-jobs-retention-program-quarterly-report-3312021","https://esd.ny.gov/esd-media-center/reports?tid[0]=516&page=6"
"Excelsior Jobs Program Quarterly Report: 3/31/2021","https://esd.ny.gov/esd-media-center/reports/excelsior-jobs-program-quarterly-report-3312021","https://esd.ny.gov/esd-media-center/reports?tid[0]=516&page=6"
"Annual Program Report Fiscal Year 2019-2020","https://esd.ny.gov/sites/default/files/news-articles/Annual-Status-Report-FY-2019-20-FINAL.pdf","https://esd.ny.gov/esd-media-center/reports?tid[0]=516&page=6"
"Empire State Development: Annual Report 2020","https://esd.ny.gov/esd-media-center/reports/empire-state-development-annual-report-2020","https://esd.ny.gov/esd-media-center/reports?tid[0]=516&page=6"
"Independent Review of the Empire State Film Production and Post-Production Credit Programs – 2019 & 2020","https://esd.ny.gov/esd-media-center/reports/independent-review-empire-state-film-production-and-post-production-credit","https://esd.ny.gov/esd-media-center/reports?tid[0]=516&page=6"
"Economic Impact of the Film Industry in New York State - 2019 & 2020","https://esd.ny.gov/esd-media-center/reports/economic-impact-film-industry-new-york-state-2019-2020","https://esd.ny.gov/esd-media-center/reports?tid[0]=516&page=7"
"ESD 2019 Annual Jobs Report","https://esd.ny.gov/sites/default/files/news-articles/2019-Annual-Jobs-Report-Final.pdf","https://esd.ny.gov/esd-media-center/reports?tid[0]=516&page=7"
"Excelsior Jobs Program Quarterly Report: 12/31/2020","https://esd.ny.gov/esd-media-center/reports/excelsior-jobs-program-quarterly-report-12312020","https://esd.ny.gov/esd-media-center/reports?tid[0]=516&page=7"
"Empire State Jobs Retention Program - Quarterly Report: 12/31/2020","https://esd.ny.gov/esd-media-center/reports/empire-state-jobs-retention-program-quarterly-report-12312020","https://esd.ny.gov/esd-media-center/reports?tid[0]=516&page=7"
"Musical and Theatrical Tax Credit Annual Report: 2020","https://esd.ny.gov/esd-media-center/reports/musical-and-theatrical-tax-credit-annual-report-2020","https://esd.ny.gov/esd-media-center/reports?tid[0]=516&page=7"
"Film Tax Credit 2020 Quarterly Reports","https://esd.ny.gov/esd-media-center/reports/film-tax-credit-2020-quarterly-reports","https://esd.ny.gov/esd-media-center/reports?tid[0]=516&page=7"
"Empire State Jobs Retention Program - Quarterly Report: 9/30/2020","https://esd.ny.gov/esd-media-center/reports/empire-state-jobs-retention-program-quarterly-report-9302020","https://esd.ny.gov/esd-media-center/reports?tid[0]=516&page=7"
"Excelsior Jobs Program Quarterly Report: 9/30/2020","https://esd.ny.gov/esd-media-center/reports/excelsior-jobs-program-quarterly-report-9302020","https://esd.ny.gov/esd-media-center/reports?tid[0]=516&page=7"
"I Love New York Hospitality Suite – 2020 Usage Report","https://esd.ny.gov/sites/default/files/news-articles/I-Love-NY-Hospitality-Suite-Report-2020-21.pdf","https://esd.ny.gov/esd-media-center/reports?tid[0]=516&page=7"
"Empire State Jobs Retention Program - Quarterly Report: 6/30/2020","https://esd.ny.gov/esd-media-center/reports/empire-state-jobs-retention-program-quarterly-report-6302020","https://esd.ny.gov/esd-media-center/reports?tid[0]=516&page=7"
"Excelsior Jobs Program Quarterly Report: 6/30/2020","https://esd.ny.gov/esd-media-center/reports/excelsior-jobs-program-quarterly-report-6302020","https://esd.ny.gov/esd-media-center/reports?tid[0]=516&page=8"
"Empire State Jobs Retention Program - Quarterly Report: 3/31/2020","https://esd.ny.gov/esd-media-center/reports/empire-state-jobs-retention-program-quarterly-report-3312020","https://esd.ny.gov/esd-media-center/reports?tid[0]=516&page=8"
"Excelsior Jobs Program Quarterly Report: 3/31/2020","https://esd.ny.gov/esd-media-center/reports/excelsior-jobs-program-quarterly-report-3312020","https://esd.ny.gov/esd-media-center/reports?tid[0]=516&page=8"
"2019 Tourism Economics","https://esd.ny.gov/esd-media-center/reports/2019-tourism-economics","https://esd.ny.gov/esd-media-center/reports?tid[0]=516&page=8"
"Empire State Development Quarterly Status Reports: 2020-2021","https://esd.ny.gov/esd-media-center/reports/empire-state-development-quarterly-status-reports-2020-2021","https://esd.ny.gov/esd-media-center/reports?tid[0]=516&page=8"
"FY 18/19 Tourism and Business Report","https://esd.ny.gov/sites/default/files/news-articles/FY-18-19-Tourism-and-Business-Report.pdf","https://esd.ny.gov/esd-media-center/reports?tid[0]=516&page=8"
"Empire State Jobs Retention Program - Quarterly Report: 12/31/2019","https://esd.ny.gov/esd-media-center/reports/empire-state-jobs-retention-program-quarterly-report-12312019","https://esd.ny.gov/esd-media-center/reports?tid[0]=516&page=8"
"Excelsior Jobs Program Quarterly Report: 12/31/2019","https://esd.ny.gov/esd-media-center/reports/excelsior-jobs-program-quarterly-report-12312019","https://esd.ny.gov/esd-media-center/reports?tid[0]=516&page=8"
"Centers for Advanced Technology Report (FY 2016 -2017 & FY 2017-2018)","https://esd.ny.gov/esd-media-center/reports/centers-advanced-technology-report-fy-2016-2017-fy-2017-2018","https://esd.ny.gov/esd-media-center/reports?tid[0]=516&page=8"
"Centers of Excellence Report (FY 2016 -2017 & FY 2017-2018)","https://esd.ny.gov/esd-media-center/reports/centers-excellence-report-fy-2016-2017-fy-2017-2018","https://esd.ny.gov/esd-media-center/reports?tid[0]=516&page=8"
"New York Manufacturing Extension Partnership Report (2017 & 2018)","https://esd.ny.gov/esd-media-center/reports/new-york-manufacturing-extension-partnership-report-2017-2018","https://esd.ny.gov/esd-media-center/reports?tid[0]=516&page=9"
"RRLTF 2019 Annual Report","https://esd.ny.gov/esd-media-center/reports/rrltf-2019-annual-report","https://esd.ny.gov/esd-media-center/reports?tid[0]=516&page=9"
"CDFI Assistance Program 2019 Annual Report","https://esd.ny.gov/esd-media-center/reports/cdfi-assistance-program-2019-annual-report","https://esd.ny.gov/esd-media-center/reports?tid[0]=516&page=9"
"Linked Deposit 2019 Annual Report","https://esd.ny.gov/esd-media-center/reports/linked-deposit-2019-annual-report-0","https://esd.ny.gov/esd-media-center/reports?tid[0]=516&page=9"
"Entrepreneurship Assistance Centers (EAC) Annual Report 2018-19","https://esd.ny.gov/esd-media-center/reports/entrepreneurship-assistance-centers-eac-annual-report-2018-19","https://esd.ny.gov/esd-media-center/reports?tid[0]=516&page=9"
"2019 Annual Report on the State of Small Businesses","https://esd.ny.gov/esd-media-center/reports/2019-annual-report-state-small-businesses","https://esd.ny.gov/esd-media-center/reports?tid[0]=516&page=9"
"Empire State Jobs Retention Program - Quarterly Report: 9/30/2019","https://esd.ny.gov/empire-state-jobs-retention-program-quarterly-report-9302019","https://esd.ny.gov/esd-media-center/reports?tid[0]=516&page=9"
"Excelsior Jobs Program Quarterly Report: 9/30/2019","https://esd.ny.gov/excelsior-jobs-program-quarterly-report-9302019","https://esd.ny.gov/esd-media-center/reports?tid[0]=516&page=9"
"Commercial Production Tax Credit Program Annual Report: 2017","https://esd.ny.gov/esd-media-center/reports/commercial-production-tax-credit-program-annual-report-2017","https://esd.ny.gov/esd-media-center/reports?tid[0]=516&page=9"
"Musical and Theatrical Tax Credit Annual Report: 2019","https://esd.ny.gov/esd-media-center/reports/musical-and-theatrical-tax-credit-annual-report-2019","https://esd.ny.gov/esd-media-center/reports?tid[0]=516&page=9"
"Empire State Jobs Retention Program - Quarterly Report: 6/30/2019","https://esd.ny.gov/esd-media-center/reports/empire-state-jobs-retention-program-quarterly-report-6302019","https://esd.ny.gov/esd-media-center/reports?tid[0]=516&page=10"
"Excelsior Jobs Program Quarterly Report: 6/30/2019","https://esd.ny.gov/esd-media-center/reports/excelsior-jobs-program-quarterly-report-6302019","https://esd.ny.gov/esd-media-center/reports?tid[0]=516&page=10"
"Empire State Development: Annual Report 2019","https://esd.ny.gov/esd-media-center/reports/esd-annual-report-2019","https://esd.ny.gov/esd-media-center/reports?tid[0]=516&page=10"
"Empire State Jobs Retention Program - Quarterly Report: 12/31/2018","https://esd.ny.gov/esd-media-center/reports/empire-state-jobs-retention-program-quarterly-report-12312018","https://esd.ny.gov/esd-media-center/reports?tid[0]=516&page=10"
"Empire State Jobs Retention Program - Quarterly Report: 3/31/2019","https://esd.ny.gov/esd-media-center/reports/empire-state-jobs-retention-program-quarterly-report-3312019","https://esd.ny.gov/esd-media-center/reports?tid[0]=516&page=10"
"Excelsior Jobs Program Quarterly Report: 3/31/2019","https://esd.ny.gov/esd-media-center/reports/excelsior-jobs-program-quarterly-report-3312019","https://esd.ny.gov/esd-media-center/reports?tid[0]=516&page=10"
"Excelsior Jobs Program Quarterly Report: 12/31/2018","https://esd.ny.gov/esd-media-center/reports/excelsior-jobs-program-quarterly-report-12312018","https://esd.ny.gov/esd-media-center/reports?tid[0]=516&page=10"
"I Love New York Hospitality Suite - 2019 Season Report","https://esd.ny.gov/sites/default/files/news-articles/2019%20I%20Love%20New%20York%20Hospitality%20Suite%20report.pdf","https://esd.ny.gov/esd-media-center/reports?tid[0]=516&page=10"
"2018 I Love New York Hospitality Suite Usage Report","https://esd.ny.gov/sites/default/files/news-articles/I%20Love%20New%20York%20Hospitality%20Suite%202018.pdf","https://esd.ny.gov/esd-media-center/reports?tid[0]=516&page=10"
"2016 I Love New York Hospitality Suite Usage Report","https://esd.ny.gov/sites/default/files/news-articles/I%20Love%20New%20York%20Hospitality%20Suite%20Report%202016.pdf","https://esd.ny.gov/esd-media-center/reports?tid[0]=516&page=10"
"Film Tax Credit 2019 Quarterly Reports","https://esd.ny.gov/esd-media-center/reports/film-tax-credit-2019-quarterly-reports","https://esd.ny.gov/esd-media-center/reports?tid[0]=516&page=11"
"ESD 2018 Annual Jobs Report","https://esd.ny.gov/esd-media-center/reports/esd-2018-annual-jobs-report","https://esd.ny.gov/esd-media-center/reports?tid[0]=516&page=11"
"ESD Annual Program Report: 2018-2019","https://esd.ny.gov/esd-media-center/reports/esd-annual-program-report-2018-2019","https://esd.ny.gov/esd-media-center/reports?tid[0]=516&page=11"
"Empire State Development Quarterly Status Reports: 2019-2020","https://esd.ny.gov/esd-media-center/reports/empire-state-development-quarterly-status-reports-2019-2020","https://esd.ny.gov/esd-media-center/reports?tid[0]=516&page=11"
"NYSTAR 2017 Annual Report","https://esd.ny.gov/esd-media-center/reports/nystar-2017","https://esd.ny.gov/esd-media-center/reports?tid[0]=516&page=11"
"Empire State Jobs Retention Program Quarterly Report: 9/30/2018","https://esd.ny.gov/esd-media-center/reports/jobs-retention-program-93018","https://esd.ny.gov/esd-media-center/reports?tid[0]=516&page=11"
"Excelsior Jobs Program Quarterly Report: 9/30/2018","https://esd.ny.gov/esd-media-center/reports/excelsior-jobs-program-quarterly-report-93018","https://esd.ny.gov/esd-media-center/reports?tid[0]=516&page=11"
"FY 17/18 Tourism and Business Report","https://esd.ny.gov/sites/default/files/news-articles/FY1718-Tourism-and-Business-Report.pdf","https://esd.ny.gov/esd-media-center/reports?tid[0]=516&page=11"
"Life Science Initiative Annual Report - 2018","https://esd.ny.gov/esd-media-center/reports/life-science-initiative-annual-report-2018","https://esd.ny.gov/esd-media-center/reports?tid[0]=516&page=11"
"Economic Transformation & Facility Redevelopment Program Report: 2019","https://esd.ny.gov/esd-media-center/reports/economic-transformation-facility-redevelopment-program-report-2019","https://esd.ny.gov/esd-media-center/reports?tid[0]=516&page=11"
"Film Tax Credit 2018 Quarterly Reports","https://esd.ny.gov/esd-media-center/reports/film-tax-credit-2018-quarterly-reports","https://esd.ny.gov/esd-media-center/reports?tid[0]=516&page=12"
"Musical and Theatrical Tax Credit Program: 2018","https://esd.ny.gov/esd-media-center/reports/musical-and-theatrical-tax-credit-program-2018","https://esd.ny.gov/esd-media-center/reports?tid[0]=516&page=12"
"Economic Impact of the Film Industry in New York State - 2017 & 2018","https://esd.ny.gov/esd-media-center/reports/camoin-nys-film-report-2017-18","https://esd.ny.gov/esd-media-center/reports?tid[0]=516&page=12"
"Independent Review of the Empire State Film Production and Post-Production Credit Programs – 2017 & 2018","https://esd.ny.gov/esd-media-center/reports/financial-operational-review-esd-film-credit-2017-18","https://esd.ny.gov/esd-media-center/reports?tid[0]=516&page=12"
"Linked Deposit 2018 Annual Report","https://esd.ny.gov/esd-media-center/reports/linked-deposit-2018-annual-report","https://esd.ny.gov/esd-media-center/reports?tid[0]=516&page=12"
"Empire State Development Quarterly Status Reports: 2018-2019","https://esd.ny.gov/esd-media-center/reports/esd-quarterly-status-reports-2018-2019","https://esd.ny.gov/esd-media-center/reports?tid[0]=516&page=12"
"Key Budgetary Changes Affecting Small Businesses – FY 17-18 to FY 18-19","https://esd.ny.gov/esd-media-center/reports/key-budgetary-changes-affecting-small-businesses-2018-2019","https://esd.ny.gov/esd-media-center/reports?tid[0]=516&page=12"
"Entrepreneurial Assistance Program Annual Report: 2017-18","https://esd.ny.gov/esd-media-center/reports/eap-report-2017-18","https://esd.ny.gov/esd-media-center/reports?tid[0]=516&page=12"
"Empire State Development: Annual Report 2018","https://esd.ny.gov/esd-media-center/reports/esd-annual-report-2018","https://esd.ny.gov/esd-media-center/reports?tid[0]=516&page=12"
"ESD 2017 Annual Jobs Report","https://esd.ny.gov/esd-media-center/reports/esd-2017-annual-jobs-report","https://esd.ny.gov/esd-media-center/reports?tid[0]=516&page=12"
"Excelsior Jobs Program Quarterly Report: 6/30/2018","https://esd.ny.gov/esd-media-center/reports/excelsior-jobs-program-quarterly-report-63018","https://esd.ny.gov/esd-media-center/reports?tid[0]=516&page=13"
"Empire State Jobs Retention Program Quarterly Report: 6/30/2018","https://esd.ny.gov/esd-media-center/reports/jobs-retention-program-63018","https://esd.ny.gov/esd-media-center/reports?tid[0]=516&page=13"
"Empire State Jobs Retention Program - Quarterly Report: 3/31/2018","https://esd.ny.gov/esd-media-center/reports/jobs-retention-program-3312018","https://esd.ny.gov/esd-media-center/reports?tid[0]=516&page=13"
"Division of Minority and Women's Business Development Annual Report 2018","https://esd.ny.gov/esd-media-center/reports/division-minority-and-womens-business-development-annual-report-2018","https://esd.ny.gov/esd-media-center/reports?tid[0]=516&page=13"
"ESD Annual Program Report: 2017-2018","https://esd.ny.gov/esd-media-center/reports/esd-annual-program-report-2017-2018","https://esd.ny.gov/esd-media-center/reports?tid[0]=516&page=13"
"Key Regulatory Changes Affecting Small Businesses — July 1, 2017 through June 30, 2018","https://esd.ny.gov/esd-media-center/reports/2018-small-business-reg-changes","https://esd.ny.gov/esd-media-center/reports?tid[0]=516&page=13"
"2018 Annual Report on the State of Small Businesses","https://esd.ny.gov/esd-media-center/reports/2018-annual-report-state-small-businesses","https://esd.ny.gov/esd-media-center/reports?tid[0]=516&page=13"
"Entrepreneurial Assistance Program Annual Report: 2016-17","https://esd.ny.gov/esd-media-center/reports/entrepreneurial-assistance-program-annual-report-2016-17","https://esd.ny.gov/esd-media-center/reports?tid[0]=516&page=13"
"Excelsior Jobs Program Quarterly Report: 3/31/2018","https://esd.ny.gov/esd-media-center/reports/excelsior-jobs-program-quarterly-report-3312018","https://esd.ny.gov/esd-media-center/reports?tid[0]=516&page=13"
"Empire State Development Quarterly Status Reports: 2017-2018","https://esd.ny.gov/esd-media-center/reports/empire-state-development-quarterly-status-reports-2017-2018","https://esd.ny.gov/esd-media-center/reports?tid[0]=516&page=13"
"Life Sciences Laboratory Initiative: Wadsworth Future State Report","https://esd.ny.gov/esd-media-center/reports/life-sciences-laboratory-initiative-wadsworth-future-state-report","https://esd.ny.gov/esd-media-center/reports?tid[0]=516&page=14"
"Film Tax Credit 2017 Quarterly Reports","https://esd.ny.gov/esd-media-center/reports/film-tax-credit-2017-quarterly-reports","https://esd.ny.gov/esd-media-center/reports?tid[0]=516&page=14"
"Commercial Production Tax Credit Program Annual Report: 2016","https://esd.ny.gov/esd-media-center/reports/commercial-production-tax-credit-program-annual-report-2016","https://esd.ny.gov/esd-media-center/reports?tid[0]=516&page=14"
"2017 Annual Report on the State of Small Businesses","https://esd.ny.gov/esd-media-center/reports/2017-state-of-small-businesses","https://esd.ny.gov/esd-media-center/reports?tid[0]=516&page=14"
"Empire State Development: Annual Report 2017","https://esd.ny.gov/esd-media-center/reports/esd-annual-report-2017","https://esd.ny.gov/esd-media-center/reports?tid[0]=516&page=14"
"Musical and Theatrical Tax Credit Annual Report: 2017","https://esd.ny.gov/esd-media-center/reports/musical-and-theatrical-tax-credit-annual-report-2017","https://esd.ny.gov/esd-media-center/reports?tid[0]=516&page=14"
"Excelsior Jobs Program Quarterly Report: 12/31/2017","https://esd.ny.gov/esd-media-center/reports/excelsior-jobs-program-quarterly-report-12312017","https://esd.ny.gov/esd-media-center/reports?tid[0]=516&page=14"
"Empire State Jobs Retention Program - Quarterly Report: 12/31/2017","https://esd.ny.gov/esd-media-center/reports/empire-state-jobs-retention-program-quarterly-report-123117","https://esd.ny.gov/esd-media-center/reports?tid[0]=516&page=14"
"2017 I Love New York Hospitality Suite Report","https://esd.ny.gov/sites/default/files/news-articles/2017-ILNY-Hospitality-Suite-Report.pdf","https://esd.ny.gov/esd-media-center/reports?tid[0]=516&page=14"
"Annual Report on Jobs Created and Retained – 2016","https://esd.ny.gov/esd-media-center/reports/annual-report-jobs-created-and-retained-%E2%80%93-2016","https://esd.ny.gov/esd-media-center/reports?tid[0]=516&page=14"
"Empire State Jobs Retention Program - Quarterly Report: 9/30/2017","https://esd.ny.gov/esd-media-center/reports/jobs-retention-program-9302017","https://esd.ny.gov/esd-media-center/reports?tid[0]=516&page=15"
"Excelsior Jobs Program Quarterly Report: 9/30/2017","https://esd.ny.gov/esd-media-center/reports/excelsior-jobs-program-quarterly-report-9302017","https://esd.ny.gov/esd-media-center/reports?tid[0]=516&page=15"
"Division of Minority and Women's Business Development Annual Report 2017","https://esd.ny.gov/esd-media-center/reports/division-minority-and-womens-business-development-annual-report-2017","https://esd.ny.gov/esd-media-center/reports?tid[0]=516&page=15"
"Linked Deposit 2017 Annual Report","https://esd.ny.gov/esd-media-center/reports/linked-deposit-2017-annual-report","https://esd.ny.gov/esd-media-center/reports?tid[0]=516&page=15"
"Excelsior Jobs Program Quarterly Report: 6/30/2017","https://esd.ny.gov/esd-media-center/reports/excelsior-jobs-program-quarterly-report-6302017","https://esd.ny.gov/esd-media-center/reports?tid[0]=516&page=15"
"Empire State Jobs Retention Program - Quarterly Report: 6/30/2017","https://esd.ny.gov/esd-media-center/reports/empire-state-jobs-retention-program-quarterly-report-6302017","https://esd.ny.gov/esd-media-center/reports?tid[0]=516&page=15"
"Downtown Albany Planning and Feasibility Study","https://esd.ny.gov/esd-media-center/reports/downtown-albany-planning-and-feasibility-study","https://esd.ny.gov/esd-media-center/reports?tid[0]=516&page=15"
"Commercial Production Tax Credit Program Annual Report: 2015","https://esd.ny.gov/esd-media-center/reports/commercial-production-tax-credit-program-annual-report-2015","https://esd.ny.gov/esd-media-center/reports?tid[0]=516&page=15"
"NYS EAP Annual Report 2015-2016","https://esd.ny.gov/esd-media-center/reports/nys-eap-annual-report-2015-2016","https://esd.ny.gov/esd-media-center/reports?tid[0]=516&page=15"
"Empire State Development Annual Program Report: 2016-2017","https://esd.ny.gov/esd-media-center/reports/empire-state-development-annual-program-report-2016-2017-0","https://esd.ny.gov/esd-media-center/reports?tid[0]=516&page=15"
"Empire State Development Quarterly Status Reports: 2016-2017","https://esd.ny.gov/esd-media-center/reports/empire-state-development-quarterly-status-reports-2016-2017","https://esd.ny.gov/esd-media-center/reports?tid[0]=516&page=16"
"2016 START-UP NY Report","https://esd.ny.gov/esd-media-center/reports/2016-start-ny-report","https://esd.ny.gov/esd-media-center/reports?tid[0]=516&page=16"
"Excelsior Jobs Program - Quarterly Report: 3/31/2017","https://esd.ny.gov/esd-media-center/reports/excelsior-jobs-program-quarterly-report-3312017","https://esd.ny.gov/esd-media-center/reports?tid[0]=516&page=16"
"Empire State Jobs Retention Program - Quarterly Report: 3/31/2017","https://esd.ny.gov/esd-media-center/reports/empire-state-jobs-retention-program-quarterly-report-3312017","https://esd.ny.gov/esd-media-center/reports?tid[0]=516&page=16"
"Empire State Jobs Retention Program - Quarterly Report: 12/31/2016","https://esd.ny.gov/esd-media-center/reports/empire-state-jobs-retention-program-quarterly-report-12312016","https://esd.ny.gov/esd-media-center/reports?tid[0]=516&page=16"
"Excelsior Jobs Program - Quarterly Report: 12/31/2016","https://esd.ny.gov/esd-media-center/reports/excelsior-jobs-program-quarterly-report-12312016","https://esd.ny.gov/esd-media-center/reports?tid[0]=516&page=16"
"Musical and Theatrical Tax Credit Annual Report: 2015 & 2016","https://esd.ny.gov/esd-media-center/reports/musical-theatrical-tax-credit-report-2015-16","https://esd.ny.gov/esd-media-center/reports?tid[0]=516&page=16"
"NYSTAR 2016 Annual Report","https://esd.ny.gov/esd-media-center/reports/nystar-2016-annual-report","https://esd.ny.gov/esd-media-center/reports?tid[0]=516&page=16"
"Independent Review of the Empire State Film Production and Post-Production Credit Programs – 2015 & 2016","https://esd.ny.gov/esd-media-center/reports/financial-operational-review-esd-film-credit-2015-16","https://esd.ny.gov/esd-media-center/reports?tid[0]=516&page=16"
"Economic Impact of the Film Industry in New York State - 2015 & 2016","https://esd.ny.gov/esd-media-center/reports/camoin-nys-film-report-2015-16","https://esd.ny.gov/esd-media-center/reports?tid[0]=516&page=16"
"JDA Annual PARIS Report: A Description of the Corporation's Operations and Accomplishments FY 2016-2017","https://esd.ny.gov/esd-media-center/reports/jda-annual-paris-report-fy-16-17","https://esd.ny.gov/esd-media-center/reports?tid[0]=516&page=17"
"New York State Urban Development Corporation Budget and Financial Plan Report for Fiscal Year ending 03/31/2018","https://esd.ny.gov/sites/default/files/news-articles/ESDUDCBudgetandFinPlan2018.pdf","https://esd.ny.gov/esd-media-center/reports?tid[0]=516&page=17"
"Job Development Authority Budget and Financial Plan Report for Fiscal Year ending 03/31/2018","https://esd.ny.gov/sites/default/files/news-articles/JDABudgetandFinPlan2018.pdf","https://esd.ny.gov/esd-media-center/reports?tid[0]=516&page=17"
"JDA - Code of Conduct","https://cdn.esd.ny.gov/CorporateInformation/Data/JDA/JDACodeOfConduct.pdf","https://esd.ny.gov/esd-media-center/reports?tid[0]=516&page=17"
"Annual Report on Jobs Created and Retained - 2015","https://esd.ny.gov/esd-media-center/reports/annual-report-jobs-created-and-retained-2015","https://esd.ny.gov/esd-media-center/reports?tid[0]=516&page=17"
"Empire State Jobs Retention Program Quarterly Report: 9/30/2016","https://esd.ny.gov/empire-state-jobs-retention-program-quarterly-report-9302016","https://esd.ny.gov/esd-media-center/reports?tid[0]=516&page=17"
"09/30/2016: EXCELSIOR JOBS PROGRAM - Quarterly Report","https://esd.ny.gov/09302016-excelsior-jobs-program-quarterly-report","https://esd.ny.gov/esd-media-center/reports?tid[0]=516&page=17"
"2016 Annual Report on the State of Small Businesses","https://esd.ny.gov/esd-media-center/reports/2016-annual-report-state-small-businesses","https://esd.ny.gov/esd-media-center/reports?tid[0]=516&page=17"
"Empire State Jobs Retention Program Quarterly Report: 6/30/2016","https://esd.ny.gov/empire-state-jobs-retention-program-quarterly-report-6302016","https://esd.ny.gov/esd-media-center/reports?tid[0]=516&page=17"
"06/30/2016: EXCELSIOR JOBS PROGRAM - Quarterly Report","https://esd.ny.gov/06302016-excelsior-jobs-program-quarterly-report","https://esd.ny.gov/esd-media-center/reports?tid[0]=516&page=17"
"Empire State Development Annual Program Report: 2015-2016","https://esd.ny.gov/esd-media-center/reports/empire-state-development-annual-program-report-2015-2016","https://esd.ny.gov/esd-media-center/reports?tid[0]=516&page=18"
"Empire State Development Quarterly Status Reports: 2015-2016","https://esd.ny.gov/esd-media-center/reports/empire-state-development-quarterly-status-reports-2015-2016","https://esd.ny.gov/esd-media-center/reports?tid[0]=516&page=18"
"Film Tax Credit 2016 Quarterly Reports","https://esd.ny.gov/film-tax-credit-2016-quarterly-reports","https://esd.ny.gov/esd-media-center/reports?tid[0]=516&page=18"
"03/31/2016: EXCELSIOR JOBS PROGRAM - Quarterly Report","https://esd.ny.gov/03312016-excelsior-jobs-program-quarterly-report","https://esd.ny.gov/esd-media-center/reports?tid[0]=516&page=18"
"Empire State Jobs Retention Program Quarterly Report: 03/31/2016","https://esd.ny.gov/empire-state-jobs-retention-program-quarterly-report-03312016","https://esd.ny.gov/esd-media-center/reports?tid[0]=516&page=18"
"ESD Annual PARIS Report: A Description of the Corporation's Operations and Accomplishments FY 2015-2016","https://esd.ny.gov/esd-media-center/reports/esd-annual-paris-report-fy-15-16","https://esd.ny.gov/esd-media-center/reports?tid[0]=516&page=18"
"Key Budgetary Changes Affecting Small Businesses - FY 15-16 to FY16-17","https://esd.ny.gov/esd-media-center/Key%20Budgetary%20Changes%20Affecting%20Small%20Businesses%20-%20FY%2015-16%20to%20FY16-17","https://esd.ny.gov/esd-media-center/reports?tid[0]=516&page=18"
"2015 I Love New York Hospitality Suite Usage Report","https://cdn.esd.ny.gov/corporateinformation/data/ILNY_HospitalitySuiteReport2015.pdf","https://esd.ny.gov/esd-media-center/reports?tid[0]=516&page=18"
"Linked Deposit 2016 Annual Report","https://cdn.esd.ny.gov/businessprograms/Data/LinkedDeposit/LDP_2016_AnnualReport.pdf","https://esd.ny.gov/esd-media-center/reports?tid[0]=516&page=18"
"Division of Minority and Women's Business Development Annual Report 2016","https://cdn.esd.ny.gov/mwbe/Data/2016AnnualReport.pdf","https://esd.ny.gov/esd-media-center/reports?tid[0]=516&page=18"
"12/31/2015: EXCELSIOR JOBS PROGRAM- Quarterly Report","https://esd.ny.gov/12312015-excelsior-jobs-program-quarterly-report","https://esd.ny.gov/esd-media-center/reports?tid[0]=516&page=19"
"Empire State Jobs Retention Program Quarterly Report: 12/31/2015","https://esd.ny.gov/empire-state-jobs-retention-program-quarterly-report-12312015","https://esd.ny.gov/esd-media-center/reports?tid[0]=516&page=19"
"Empire State Development Annual Program Report: 2014-2015","https://esd.ny.gov/esd-media-center/reports/empire-state-development-annual-program-report-2014-2015","https://esd.ny.gov/esd-media-center/reports?tid[0]=516&page=19"
"Annual Report on Jobs Created and Retained - 2014","https://esd.ny.gov/esd-media-center/reports/annual-report-jobs-created-and-retained-2014","https://esd.ny.gov/esd-media-center/reports?tid[0]=516&page=19"
"09/30/2015: EXCELSIOR JOBS PROGRAM- Quarterly Report","https://esd.ny.gov/09302015-excelsior-jobs-program-quarterly-report","https://esd.ny.gov/esd-media-center/reports?tid[0]=516&page=19"
"Empire State Jobs Retention Program Quarterly Report: 9/30/2015","https://esd.ny.gov/empire-state-jobs-retention-program-quarterly-report-9302015","https://esd.ny.gov/esd-media-center/reports?tid[0]=516&page=19"
"Key Regulatory Changes Affecting Small Businesses - July 2015 -June 2016","https://cdn.esd.ny.gov/smallbusiness/Data/2016RegulatoryChangesAffectingSmallBusinesses.pdf","https://esd.ny.gov/esd-media-center/reports?tid[0]=516&page=19"
"Empire State Jobs Retention Program - Quarterly Report: 6/30/2015","https://esd.ny.gov/esd-media-center/reports/empire-state-jobs-retention-program-quarterly-report-6302015","https://esd.ny.gov/esd-media-center/reports?tid[0]=516&page=19"
"06/30/2015: EXCELSIOR JOBS PROGRAM- Quarterly Report","https://esd.ny.gov/06302015-excelsior-jobs-program-quarterly-report","https://esd.ny.gov/esd-media-center/reports?tid[0]=516&page=19"
"I Love NY Hospitality Suite Usage Report: 2015","https://esd.ny.gov/esd-media-center/reports/i-love-ny-hospitality-suite-usage-report-2015","https://esd.ny.gov/esd-media-center/reports?tid[0]=516&page=19"
"Empire State Development Quarterly Status Reports: 2014-2015","https://esd.ny.gov/esd-media-center/reports/empire-state-development-quarterly-status-reports-2014-2015","https://esd.ny.gov/esd-media-center/reports?tid[0]=516&page=20"
"Open For Business Marketing Russell Research Report","https://cdn.esd.ny.gov/Reports/14_15_OpenForBusiness_Marketing_RussellResearchReport.pdf","https://esd.ny.gov/esd-media-center/reports?tid[0]=516&page=20"
"2014 START-UP NY Annual Report","https://cdn.esd.ny.gov/Reports/2014_STARTUPNY_REPORT.pdf","https://esd.ny.gov/esd-media-center/reports?tid[0]=516&page=20"
"Empire State Jobs Retention Program - Quarterly Report: 3/31/2015","https://esd.ny.gov/esd-media-center/reports/empire-state-jobs-retention-program-quarterly-report-3312015","https://esd.ny.gov/esd-media-center/reports?tid[0]=516&page=20"
"Film Tax Credit 2015 Quarterly Reports","https://esd.ny.gov/film-tax-credit-2015-quarterly-reports","https://esd.ny.gov/esd-media-center/reports?tid[0]=516&page=20"
"03/31/2015: EXCELSIOR JOBS PROGRAM - Quarterly Report","https://esd.ny.gov/03312015-excelsior-jobs-program-quarterly-report","https://esd.ny.gov/esd-media-center/reports?tid[0]=516&page=20"
"New York State Film Production Tax Credit Program 2013-2014 Report - Toski","https://cdn.esd.ny.gov/Reports/IndependentReviewofESDFilmCreditFinal.pdf","https://esd.ny.gov/esd-media-center/reports?tid[0]=516&page=20"
"Economic Impact of the Film Industry in New York State - 2013-2014","https://esd.ny.gov/esd-media-center/reports/camoin-nys-film-report-2013-14","https://esd.ny.gov/esd-media-center/reports?tid[0]=516&page=20"
"JDA Annual PARIS Report: A Description of the Corporation's Operations and Accomplishments FY 2014-2015","https://esd.ny.gov/esd-media-center/reports/jda-annual-paris-report-fy-14-15","https://esd.ny.gov/esd-media-center/reports?tid[0]=516&page=20"
"New York State Tourism Economics 2015","https://cdn.esd.ny.gov/Reports/NYS_Tourism_Impact_2015.pdf","https://esd.ny.gov/esd-media-center/reports?tid[0]=516&page=20"
"2015 Business Incentives Report","https://cdn.esd.ny.gov/Reports/2015_ESD_Business_Incentives_Report.pdf","https://esd.ny.gov/esd-media-center/reports?tid[0]=516&page=21"
"2015 Business Incentives Report","https://esd.ny.gov/sites/default/files/news-articles/2015_ESD_Business_Incentives_Report_0.pdf","https://esd.ny.gov/esd-media-center/reports?tid[0]=516&page=21"
"START-UP NY Approved Campuses and Tax Free Areas","https://cdn.esd.ny.gov/Reports/START-UPNYReport2015ApprovedCampusesTFAs.pdf","https://esd.ny.gov/esd-media-center/reports?tid[0]=516&page=21"
"Key Budgetary Changes Affecting Small Businesses - FY 14-15 to FY15-16","https://esd.ny.gov/sites/default/files/news-articles/2014BudgetaryChangesAffectingSmallBusinesses.pdf","https://esd.ny.gov/esd-media-center/reports?tid[0]=516&page=21"
"Key Legislative Changes Affecting Small Businesses - 2015 Legislative Session","https://cdn.esd.ny.gov/smallbusiness/Data/2015_LegislativeChangesAffectingSmallBusinesses.pdf","https://esd.ny.gov/esd-media-center/reports?tid[0]=516&page=21"
"2014 I Love New York Hospitality Suite Usage Report","https://cdn.esd.ny.gov/corporateinformation/data/ILNY_HospitalitySuiteReport2014.pdf","https://esd.ny.gov/esd-media-center/reports?tid[0]=516&page=21"
"Linked Deposit 2015 Annual Report","https://cdn.esd.ny.gov/businessprograms/Data/LinkedDeposit/LDP2015AnnualReport.pdf","https://esd.ny.gov/esd-media-center/reports?tid[0]=516&page=21"
"Division of Minority and Women's Business Development Annual Report 2015","https://cdn.esd.ny.gov/mwbe/Data/2015AnnualReport.pdf","https://esd.ny.gov/esd-media-center/reports?tid[0]=516&page=21"
"Economic Transformation and Facility Redevelopment Program Report: 2015","https://esd.ny.gov/esd-media-center/reports/economic-transformation-and-facility-redevelopment-program-report-2015","https://esd.ny.gov/esd-media-center/reports?tid[0]=516&page=21"
"Empire State Jobs Retention Program - Quarterly Report: 12/31/2014","https://esd.ny.gov/esd-media-center/reports/empire-state-jobs-retention-program-quarterly-report-12312014","https://esd.ny.gov/esd-media-center/reports?tid[0]=516&page=21"
"12/31/2014: EXCELSIOR JOBS PROGRAM- Quarterly Report","https://esd.ny.gov/12312014-excelsior-jobs-program-quarterly-report","https://esd.ny.gov/esd-media-center/reports?tid[0]=516&page=22"
"Atlantic Yards Community Development Corporation","https://esd.ny.gov/corporateinformation/Data/RequiredPostings/2014/AtlanticYardsCommunityDevelopmentCorporation_subsidiaryreport.pdf","https://esd.ny.gov/esd-media-center/reports?tid[0]=516&page=22"
"Atlantic Yards Community Development Corporation","https://cdn.esd.ny.gov/corporateinformation/Data/RequiredPostings/2014/AtlanticYardsCommunityDevelopmentCorporation_subsidiaryreport.pdf","https://esd.ny.gov/esd-media-center/reports?tid[0]=516&page=22"
"Upstate Empire State Development","https://cdn.esd.ny.gov/corporateinformation/Data/RequiredPostings/2014/UpstateESDC_subsidiaryreport.pdf","https://esd.ny.gov/esd-media-center/reports?tid[0]=516&page=22"
"USA Niagara Development Corporation","https://cdn.esd.ny.gov/corporateinformation/Data/RequiredPostings/2014/USAN_subsidiaryreport.pdf","https://esd.ny.gov/esd-media-center/reports?tid[0]=516&page=22"
"Empire State New Market Corporation","https://cdn.esd.ny.gov/corporateinformation/Data/RequiredPostings/2014/ESNMC_subsidiaryreport.pdf","https://esd.ny.gov/esd-media-center/reports?tid[0]=516&page=22"
"Erie Canal Harbor Development Corporation","https://cdn.esd.ny.gov/corporateinformation/Data/RequiredPostings/2014/ECHDC_subsidiaryreport.pdf","https://esd.ny.gov/esd-media-center/reports?tid[0]=516&page=22"
"Erie County Stadium Corporation","https://cdn.esd.ny.gov/corporateinformation/Data/RequiredPostings/2014/ErieCountyStadiumCorporation_subsidiaryreport.pdf","https://esd.ny.gov/esd-media-center/reports?tid[0]=516&page=22"
"Harriman Research and Technology Development Corporation","https://cdn.esd.ny.gov/corporateinformation/Data/RequiredPostings/2014/HarrimanResearchandTechnologyDevelopmentCorporation_subsidiaryreport.pdf","https://esd.ny.gov/esd-media-center/reports?tid[0]=516&page=22"
"Lower Manhattan Development Corporation","https://cdn.esd.ny.gov/corporateinformation/Data/RequiredPostings/2014/LMDC_subsidiaryreport.pdf","https://esd.ny.gov/esd-media-center/reports?tid[0]=516&page=22"
"Moynihan Station Development Corporation","https://cdn.esd.ny.gov/corporateinformation/Data/RequiredPostings/2014/MSDC_subsidiaryreport.pdf","https://esd.ny.gov/esd-media-center/reports?tid[0]=516&page=23"
"New York Convention Center Development Corporation","https://cdn.esd.ny.gov/corporateinformation/Data/RequiredPostings/2014/NYCCDC_subsidiaryreport.pdf","https://esd.ny.gov/esd-media-center/reports?tid[0]=516&page=23"
"New York Empowerment Zone Corporation","https://cdn.esd.ny.gov/corporateinformation/Data/RequiredPostings/2014/NewYorkEmpowermentZoneCorporation_subsidiaryreport.pdf","https://esd.ny.gov/esd-media-center/reports?tid[0]=516&page=23"
"Queens West Development Corporation","https://cdn.esd.ny.gov/corporateinformation/Data/RequiredPostings/2014/QueensWestDevelopmentCorporation_subsidiaryreport.pdf","https://esd.ny.gov/esd-media-center/reports?tid[0]=516&page=23"
"Quarterly Status Report - Fiscal Year 2014 - 2015, 2nd Quarter","https://cdn.esd.ny.gov/Reports/FY14_15QuarterlyStatusReport2ndQuarter.pdf","https://esd.ny.gov/esd-media-center/reports?tid[0]=516&page=23"
"Annual Report on Jobs Created and Retained - 2013","https://esd.ny.gov/esd-media-center/reports/annual-report-jobs-created-and-retained-2013","https://esd.ny.gov/esd-media-center/reports?tid[0]=516&page=23"
"NYS EAP Annual Report 2013-2014","https://esd.ny.gov/esd-media-center/reports/nys-eap-annual-report-2013-2014","https://esd.ny.gov/esd-media-center/reports?tid[0]=516&page=23"
"Empire State Jobs Retention Program - Quarterly Report: 9/30/2014","https://esd.ny.gov/esd-media-center/reports/empire-state-jobs-retention-program-quarterly-report-9302014","https://esd.ny.gov/esd-media-center/reports?tid[0]=516&page=23"
"09/30/2014: EXCELSIOR JOBS PROGRAM- Quarterly Report","https://esd.ny.gov/09302014-excelsior-jobs-program-quarterly-report","https://esd.ny.gov/esd-media-center/reports?tid[0]=516&page=23"
"Key Regulatory Changes Affecting Small Businesses - July 2014 - June 2015","https://cdn.esd.ny.gov/smallbusiness/Data/2015_RegulatoryChangesAffectingSmallBusinesses.pdf","https://esd.ny.gov/esd-media-center/reports?tid[0]=516&page=23"
"Empire State Jobs Retention Program - Quarterly Report: 6/30/2014","https://esd.ny.gov/esd-media-center/reports/empire-state-jobs-retention-program-quarterly-report-6302014","https://esd.ny.gov/esd-media-center/reports?tid[0]=516&page=24"
"06/30/2014: EXCELSIOR JOBS PROGRAM- Quarterly Report","https://esd.ny.gov/06302014-excelsior-jobs-program-quarterly-report","https://esd.ny.gov/esd-media-center/reports?tid[0]=516&page=24"
"I Love NY Hospitality Suite Usage Report: 2014","https://esd.ny.gov/esd-media-center/reports/i-love-ny-hospitality-suite-usage-report-2014","https://esd.ny.gov/esd-media-center/reports?tid[0]=516&page=24"
"Empire State Development Quarterly Status Reports: 2013-2014","https://esd.ny.gov/esd-media-center/reports/empire-state-development-quarterly-status-reports-2013-2014","https://esd.ny.gov/esd-media-center/reports?tid[0]=516&page=24"
"Empire State Jobs Retention Program Quarterly Report: 3/31/2014","https://esd.ny.gov/empire-state-jobs-retention-program-quarterly-report-3312014","https://esd.ny.gov/esd-media-center/reports?tid[0]=516&page=24"
"3/31/2014: EXCELSIOR JOBS PROGRAM - Quarterly Report","https://esd.ny.gov/3312014-excelsior-jobs-program-quarterly-report","https://esd.ny.gov/esd-media-center/reports?tid[0]=516&page=24"
"Film Tax Credit 2014 Quarterly Reports","https://esd.ny.gov/film-tax-credit-2014-quarterly-reports","https://esd.ny.gov/esd-media-center/reports?tid[0]=516&page=24"
"Report for the Adaptive Re-Use of Mount McGregor Correctional Facility","https://esd.ny.gov/sites/default/files/news-articles/1-26-2014_MtMcGregorCF.pdf","https://esd.ny.gov/esd-media-center/reports?tid[0]=516&page=24"
"JDA Annual PARIS Report: A Description of the Corporation's Operations and Accomplishments FY 2013-2014","https://esd.ny.gov/esd-media-center/reports/jda-annual-paris-report-fy-13-14","https://esd.ny.gov/esd-media-center/reports?tid[0]=516&page=24"
"Key Budgetary Changes Affecting Small Businesses - FY 13-14 to FY 14-15","https://cdn.esd.ny.gov/smallbusiness/Data/2014BudgetaryChangesAffectingSmallBusinesses.pdf","https://esd.ny.gov/esd-media-center/reports?tid[0]=516&page=24"
"Key Legislative Changes Affecting Small Businesses - 2014 Legislative Session","https://cdn.esd.ny.gov/smallbusiness/Data/2014LegislativeChangesAffectingSmallBusinesses.pdf","https://esd.ny.gov/esd-media-center/reports?tid[0]=516&page=25"
"2013 I Love New York Hospitality Suite Usage Report","https://cdn.esd.ny.gov/corporateinformation/data/ESD_ilovenyhospitalitysuiteUpdateFinalReport.pdf","https://esd.ny.gov/esd-media-center/reports?tid[0]=516&page=25"
"Linked Deposit 2014 Annual Report","https://cdn.esd.ny.gov/businessprograms/Data/LinkedDeposit/LDP2014AnnualReport.pdf","https://esd.ny.gov/esd-media-center/reports?tid[0]=516&page=25"
"Division of Minority and Women's Business Development Annual Report 2014","https://cdn.esd.ny.gov/mwbe/Data/2014AnnualReport.pdf","https://esd.ny.gov/esd-media-center/reports?tid[0]=516&page=25"
"2014 Annual Report on the State of Small Businesses","https://esd.ny.gov/esd-media-center/reports/2014-annual-report-state-small-businesses","https://esd.ny.gov/esd-media-center/reports?tid[0]=516&page=25"
"ESD Annual PARIS Report: A Description of the Corporation's Operations and Accomplishments FY 2014-2015","https://esd.ny.gov/esd-media-center/reports/esd-annual-paris-report-fy-14-15","https://esd.ny.gov/esd-media-center/reports?tid[0]=516&page=25"
"ESD Annual PARIS Report: A Description of the Corporation's Operations and Accomplishments FY 2013-2014","https://esd.ny.gov/esd-media-center/reports/esd-annual-paris-report-fy-13-14","https://esd.ny.gov/esd-media-center/reports?tid[0]=516&page=25"
"12/31/2013: EXCELSIOR JOBS PROGRAM - Quarterly Report","https://esd.ny.gov/12312013-excelsior-jobs-program-quarterly-report","https://esd.ny.gov/esd-media-center/reports?tid[0]=516&page=25"
"Erie Canal Harbor Development Corporation (ECHDC)","https://cdn.esd.ny.gov/corporateinformation/Data/RequiredPostings/2013/2SubsidiaryRpt2013ECHDC.pdf","https://esd.ny.gov/esd-media-center/reports?tid[0]=516&page=25"
"Harriman Research and Technology Development Corporation (HRTDC)","https://cdn.esd.ny.gov/corporateinformation/Data/RequiredPostings/2013/4SubsidiaryRpt2013HRTDC.pdf","https://esd.ny.gov/esd-media-center/reports?tid[0]=516&page=25"
"Harriman Research and Technology Development Corporation (HRTDC)","https://cdn.esd.ny.gov/corporateinformation/Data/RequiredPostings/2013/4SubsidiaryRpt2013HRTDC.pdf","https://esd.ny.gov/esd-media-center/reports?tid[0]=516&page=26"
"Lower Manhattan Development Corporation (LMDC)","https://cdn.esd.ny.gov/corporateinformation/Data/RequiredPostings/2013/5SubsidiaryRpt2013LMDC.pdf","https://esd.ny.gov/esd-media-center/reports?tid[0]=516&page=26"
"Moynihan Station Development Corporation (MSDC)","https://cdn.esd.ny.gov/corporateinformation/Data/RequiredPostings/2013/7SubsidiaryRpt2013MSDC.pdf","https://esd.ny.gov/esd-media-center/reports?tid[0]=516&page=26"
"New York Convention Center Development Corporation (CCDC)","https://cdn.esd.ny.gov/corporateinformation/Data/RequiredPostings/2013/6SubsidiaryRpt2013CCDC.pdf","https://esd.ny.gov/esd-media-center/reports?tid[0]=516&page=26"
"New York Empowerment Zone Corporation (NYEZC)","https://cdn.esd.ny.gov/corporateinformation/Data/RequiredPostings/2013/8SubsidiaryRpt2013NYEZC.pdf","https://esd.ny.gov/esd-media-center/reports?tid[0]=516&page=26"
"Queens West Development Corporation (QWDC)","https://cdn.esd.ny.gov/corporateinformation/Data/RequiredPostings/2013/9SubsidiaryRpt2013QWDC.pdf","https://esd.ny.gov/esd-media-center/reports?tid[0]=516&page=26"
"Upstate Empire State Development (UESD)","https://cdn.esd.ny.gov/corporateinformation/Data/RequiredPostings/2013/10SubsidiaryRpt2013UESDC.pdf","https://esd.ny.gov/esd-media-center/reports?tid[0]=516&page=26"
"USA Niagara Development Corporation (USAN)","https://cdn.esd.ny.gov/corporateinformation/Data/RequiredPostings/2013/11SubsidiaryRpt2013USAN.pdf","https://esd.ny.gov/esd-media-center/reports?tid[0]=516&page=26"
"Annual Report on Jobs Created and Retained - 2012","https://esd.ny.gov/esd-media-center/reports/annual-report-jobs-created-and-retained-2012","https://esd.ny.gov/esd-media-center/reports?tid[0]=516&page=26"
"09/30/2013: EXCELSIOR JOBS PROGRAM- Quarterly Report","https://esd.ny.gov/09302013-excelsior-jobs-program-quarterly-report","https://esd.ny.gov/esd-media-center/reports?tid[0]=516&page=26"
"Empire State Development Annual Program Report: 2013-2014","https://esd.ny.gov/esd-media-center/reports/empire-state-development-annual-program-report-2013-2014","https://esd.ny.gov/esd-media-center/reports?tid[0]=516&page=27"
"Key Regulatory Changes Affecting Small Businesses - July 2013 through June 2014","https://cdn.esd.ny.gov/smallbusiness/Data/2014_RegulatoryChangesAffectingSmallBusinesses.pdf","https://esd.ny.gov/esd-media-center/reports?tid[0]=516&page=27"
"Empire State Development Annual Program Report: 2012-2013","https://esd.ny.gov/esd-media-center/reports/empire-state-development-annual-program-report-2012-2013","https://esd.ny.gov/esd-media-center/reports?tid[0]=516&page=27"
"06/30/2013: EXCELSIOR JOBS PROGRAM- Quarterly Report","https://esd.ny.gov/06302013-excelsior-jobs-program-quarterly-report","https://esd.ny.gov/esd-media-center/reports?tid[0]=516&page=27"
"ESD - Performance Measure Report FY 12-13","https://cdn.esd.ny.gov/corporateinformation/Data/RequiredPostings/2013/PerformanceMeasureRpt2012-2013.pdf","https://esd.ny.gov/esd-media-center/reports?tid[0]=516&page=27"
"Linked Deposit 2013 Annual Report","https://esd.ny.gov/esd-media-center/reports/linked-deposit-2013-annual-report","https://esd.ny.gov/esd-media-center/reports?tid[0]=516&page=27"
"I Love NY Hospitality Suite Usage Report: 2013","https://esd.ny.gov/esd-media-center/reports/i-love-ny-hospitality-suite-usage-report-2013","https://esd.ny.gov/esd-media-center/reports?tid[0]=516&page=27"
"Empire State Development Quarterly Status Reports: 2012-2013","https://esd.ny.gov/esd-media-center/reports/empire-state-development-quarterly-status-reports-2012-2013","https://esd.ny.gov/esd-media-center/reports?tid[0]=516&page=27"
"Management's Assessment of Internal Control","https://cdn.esd.ny.gov/corporateinformation/Data/RequiredPostings/2013/ESDInternalControl_FY2013.pdf","https://esd.ny.gov/esd-media-center/reports?tid[0]=516&page=27"
"ESD Annual Investment Report FY 2012-2013","https://cdn.esd.ny.gov/corporateinformation/Data/RequiredPostings/2013/InvestmentRpt2012-2013.pdf","https://esd.ny.gov/esd-media-center/reports?tid[0]=516&page=27"
"03/31/2013: EXCELSIOR JOBS PROGRAM- Quarterly Report","https://esd.ny.gov/03312013-excelsior-jobs-program-quarterly-report","https://esd.ny.gov/esd-media-center/reports?tid[0]=516&page=28"
"NYS EAP Annual Report 2011-2012","https://esd.ny.gov/esd-media-center/reports/nys-eap-annual-report-2011-2012","https://esd.ny.gov/esd-media-center/reports?tid[0]=516&page=28"
"JDA Annual PARIS Report: A Description of the Corporation's Operations and Accomplishments FY 2012-2013","https://esd.ny.gov/esd-media-center/reports/jda-annual-paris-report-fy-12-13","https://esd.ny.gov/esd-media-center/reports?tid[0]=516&page=28"
"Key Budgetary Changes Affecting Small Businesses - FY 12-13 to FY 13-14","https://cdn.esd.ny.gov/smallbusiness/Data/FY12_13Fy13_14_SmBizBudgetaryUpdate.pdf","https://esd.ny.gov/esd-media-center/reports?tid[0]=516&page=28"
"Key Legislative Changes Affecting Small Businesses - 2013 Legislative Session","https://cdn.esd.ny.gov/smallbusiness/Data/2013_SmallBizLegislativeChanges.pdf","https://esd.ny.gov/esd-media-center/reports?tid[0]=516&page=28"
"Division of Minority and Women's Business Development Annual Report 2013","https://cdn.esd.ny.gov/mwbe/Data/2013Annual_Report.pdf","https://esd.ny.gov/esd-media-center/reports?tid[0]=516&page=28"
"Empire State Development Performance Measures Report","https://cdn.esd.ny.gov/corporateinformation/Data/RequiredPostings/2013/ESD_PerformanceMeasure11-12.pdf","https://esd.ny.gov/esd-media-center/reports?tid[0]=516&page=28"
"ESD - SWAP Guidelines","https://esd.ny.gov/esd-swap-guidelines","https://esd.ny.gov/esd-media-center/reports?tid[0]=516&page=28"
"ESD Annual PARIS Report: A Description of the Corporation's Operations and Accomplishments FY 2012-2013","https://esd.ny.gov/esd-media-center/reports/esd-annual-paris-report-fy-2012-2013","https://esd.ny.gov/esd-media-center/reports?tid[0]=516&page=28"
"12/30/2012: EXCELSIOR JOBS PROGRAM- Quarterly Report","https://esd.ny.gov/12302012-excelsior-jobs-program-quarterly-report","https://esd.ny.gov/esd-media-center/reports?tid[0]=516&page=28"
"12/30/2012: EXCELSIOR JOBS PROGRAM- Quarterly Report","https://esd.ny.gov/12302012-excelsior-jobs-program-quarterly-report-0","https://esd.ny.gov/esd-media-center/reports?tid[0]=516&page=29"
"Brooklyn Bridge Park Development Corporation (BBPDC)","https://cdn.esd.ny.gov/corporateinformation/Data/RequiredPostings/2012/BrooklynBridgeParkDevCorp_BBPDC2012.pdf","https://esd.ny.gov/esd-media-center/reports?tid[0]=516&page=29"
"Convention Center Development Corporation (CCDC)","https://cdn.esd.ny.gov/corporateinformation/Data/RequiredPostings/2012/ConventionCenterDevCorp_CCDC2012.pdf","https://esd.ny.gov/esd-media-center/reports?tid[0]=516&page=29"
"Erie Canal Harbor Development Corporation (ECHDC)","https://esd.ny.gov/corporateinformation/publicauthoritiesrequiredpostings.html","https://esd.ny.gov/esd-media-center/reports?tid[0]=516&page=29"
"Harriman Research and Technology Development Corporation (HRTDC)","https://cdn.esd.ny.gov/corporateinformation/Data/RequiredPostings/2012/HarrimanResearchTechDevCorp_HRTDC2012.pdf","https://esd.ny.gov/esd-media-center/reports?tid[0]=516&page=29"
"Lower Manhattan Development Corporation (LMDC)","https://cdn.esd.ny.gov/corporateinformation/Data/RequiredPostings/2012/LowerManhattanDevCorp_LMDC2012.pdf","https://esd.ny.gov/esd-media-center/reports?tid[0]=516&page=29"
"Moynihan Station Development Corporation (MSDC)","https://cdn.esd.ny.gov/corporateinformation/Data/RequiredPostings/2012/MoynihanStationDevCorp_MSDC2012.pdf","https://esd.ny.gov/esd-media-center/reports?tid[0]=516&page=29"
"Queens West Development Corporation (QWDC)","https://cdn.esd.ny.gov/corporateinformation/Data/RequiredPostings/2012/QueensWestDevCorp_QWDC2012.pdf","https://esd.ny.gov/esd-media-center/reports?tid[0]=516&page=29"
"Upstate Empire State Development (UESD)","https://cdn.esd.ny.gov/corporateinformation/Data/RequiredPostings/2012/UpstateEmpireStateDevCorp_2012.pdf","https://esd.ny.gov/esd-media-center/reports?tid[0]=516&page=29"
"USA Niagara Development Corporation (USAN)","https://cdn.esd.ny.gov/corporateinformation/Data/RequiredPostings/2012/USANiagara_USAN2012.pdf","https://esd.ny.gov/esd-media-center/reports?tid[0]=516&page=29"
"Annual Report on Jobs Created and Retained - 2011","https://esd.ny.gov/esd-media-center/reports/annual-report-jobs-created-and-retained-2011","https://esd.ny.gov/esd-media-center/reports?tid[0]=516&page=30"
"09/30/2012: EXCELSIOR JOBS PROGRAM- Quarterly Report","https://esd.ny.gov/09302012-excelsior-jobs-program-quarterly-report","https://esd.ny.gov/esd-media-center/reports?tid[0]=516&page=30"
"09/30/2012: EXCELSIOR JOBS PROGRAM- Quarterly Report","https://esd.ny.gov/09302012-excelsior-jobs-program-quarterly-report-0","https://esd.ny.gov/esd-media-center/reports?tid[0]=516&page=30"
"Empire State Development Annual Program Report: 2011-2012","https://esd.ny.gov/esd-media-center/reports/empire-state-development-annual-program-report-2011-2012","https://esd.ny.gov/esd-media-center/reports?tid[0]=516&page=30"
"Key Regulatory Changes Affecting Small Businesses - July 2012 - June 2013","https://cdn.esd.ny.gov/smallbusiness/Data/2013_SmallBizRegulatoryChanges.pdf","https://esd.ny.gov/esd-media-center/reports?tid[0]=516&page=30"
"06/30/2012: EXCELSIOR JOBS PROGRAM- Quarterly Report","https://esd.ny.gov/06302012-excelsior-jobs-program-quarterly-report","https://esd.ny.gov/esd-media-center/reports?tid[0]=516&page=30"
"ESD Annual Investment Report 2012","https://cdn.esd.ny.gov/corporateinformation/Data/RequiredPostings/2013/ESD_InvestmentReport2012pdf.pdf","https://esd.ny.gov/esd-media-center/reports?tid[0]=516&page=30"
"Management's Assessment of Internal Control","https://cdn.esd.ny.gov/corporateinformation/Data/JDA/ESDJDA_InternalControls11-12.pdf","https://esd.ny.gov/esd-media-center/reports?tid[0]=516&page=30"
"Empire State Development Quarterly Status Reports: 2011-2012","https://esd.ny.gov/esd-media-center/reports/empire-state-development-quarterly-status-reports-2011-2012","https://esd.ny.gov/esd-media-center/reports?tid[0]=516&page=30"
"JDA Annual PARIS Report: A Description of the Corporation's Operations and Accomplishments FY 2011-2012","https://esd.ny.gov/esd-media-center/reports/jda-annual-paris-report-description-corporations-operations-and","https://esd.ny.gov/esd-media-center/reports?tid[0]=516&page=30"
"Division of Minority and Women's Business Development Annual Report 2012","https://cdn.esd.ny.gov/mwbe/Data/2012AnnualReport.pdf","https://esd.ny.gov/esd-media-center/reports?tid[0]=516&page=31"
"Lobbying Contacts Policy (Adopted May 2011)","https://cdn.esd.ny.gov/corporateinformation/Data/RequiredPostings/2012/LobbyingContactsPolicy.pdf","https://esd.ny.gov/esd-media-center/reports?tid[0]=516&page=31"
"Personal and Real Property Transactions FY 11-12","https://cdn.esd.ny.gov/corporateinformation/Data/RequiredPostings/2012/Personal&RealPropertyFY1112.pdf","https://esd.ny.gov/esd-media-center/reports?tid[0]=516&page=31"
"Linked Deposit 2012 Annual Report","https://esd.ny.gov/esd-media-center/reports/linked-deposit-2012-annual-report","https://esd.ny.gov/esd-media-center/reports?tid[0]=516&page=31"
"ESD Annual PARIS Report: A Description of the Corporation's Operations and Accomplishments FY 2011-2012","https://esd.ny.gov/esd-media-center/reports/esd-annual-paris-report-fy-11-12","https://esd.ny.gov/esd-media-center/reports?tid[0]=516&page=31"
"Empire State Development Annual Program Report: 2010-2011","https://esd.ny.gov/esd-media-center/reports/empire-state-development-annual-program-report-2010-2011","https://esd.ny.gov/esd-media-center/reports?tid[0]=516&page=31"
"Empire State Development Mission Statement and Performance Measures (Adopted December 2011)","https://cdn.esd.ny.gov/Subsidiaries_Projects/MSDC/Data/RFPs_Opportunities/AdoptedDecember2011.pdf","https://esd.ny.gov/esd-media-center/reports?tid[0]=516&page=31"
"Empire State Development Mission Statement and Performance Measures (Adopted December 2011)","https://cdn.esd.ny.gov/Subsidiaries_Projects/MSDC/Data/RFPs_Opportunities/AdoptedDecember2011.pdf","https://esd.ny.gov/esd-media-center/reports?tid[0]=516&page=31"
"ESD - Assessment of Effectiveness of the Corporation's Internal Controls","https://cdn.esd.ny.gov/CorporateInformation/Data/RequiredPostings/2010/InternalControl.pdf","https://esd.ny.gov/esd-media-center/reports?tid[0]=516&page=31"
"Annual Report on Procurement Contracts","https://cdn.esd.ny.gov/Reports/AnnualProcurementContracts_FisicalYear2011.pdf","https://esd.ny.gov/esd-media-center/reports?tid[0]=516&page=31"
"ESD Annual Investment Report 2011","https://cdn.esd.ny.gov/corporateinformation/Data/RequiredPostings/2013/ESD_InvestmentReport2011.pdf","https://esd.ny.gov/esd-media-center/reports?tid[0]=516&page=32"
"Excelsior Jobs Program Reports Archive","https://esd.ny.gov/corporateinformation/excelsiorjobsprogramreports.html","https://esd.ny.gov/esd-media-center/reports?tid[0]=516&page=32"
"JDA Annual PARIS Report: A Description of the Corporation's Operations and Accomplishments FY 2010-2011","https://esd.ny.gov/esd-media-center/reports/jda-annual-paris-report-fy-10-11","https://esd.ny.gov/esd-media-center/reports?tid[0]=516&page=32"
"Empire State Development Performance Measures Report","https://cdn.esd.ny.gov/CorporateInformation/Data/RequiredPostings/2011/ESDPerformanceMeasuresReportFY10_11.pdf","https://esd.ny.gov/esd-media-center/reports?tid[0]=516&page=32"
"Job Development Authority Mission Statement and Performance Measures (Adopted January 2011)","https://cdn.esd.ny.gov/CorporateInformation/Data/JDA/April2011_JDAMissionStatementandPerformanceMeasures.pdf","https://esd.ny.gov/esd-media-center/reports?tid[0]=516&page=32"
"Key Budgetary Changes Affecting Small Businesses - FY10-11 to FY11-12","https://cdn.esd.ny.gov/smallbusiness/Data/111611_BudgetaryChangesSmallBusinesses11_12.pdf","https://esd.ny.gov/esd-media-center/reports?tid[0]=516&page=32"
"Key Legislative Changes Affecting Small Businesses - 2011 Legislative Session","https://cdn.esd.ny.gov/smallbusiness/Data/111611_LegislativeChangesSmall%20Businesses2011LegislativeSessionv3.pdf","https://esd.ny.gov/esd-media-center/reports?tid[0]=516&page=32"
"Division of Minority and Women's Business Development Annual Report 2011","https://cdn.esd.ny.gov/mwbe/Data/2011AnnualReport.pdf","https://esd.ny.gov/esd-media-center/reports?tid[0]=516&page=32"
"Empire State Development Performance Measures Report","https://cdn.esd.ny.gov/corporateinformation/Data/RequiredPostings/2011/ESDPerformanceMeasuresReportFY10_11.pdf","https://esd.ny.gov/esd-media-center/reports?tid[0]=516&page=32"
"ESDC - SWAP Guidelines","https://esd.ny.gov/esdc-swap-guidelines","https://esd.ny.gov/esd-media-center/reports?tid[0]=516&page=32"
"ESDC - SWAP Guidelines","https://esd.ny.gov/esdc-swap-guidelines-0","https://esd.ny.gov/esd-media-center/reports?tid[0]=516&page=33"
"Linked Deposit 2011 Annual Report","https://esd.ny.gov/esd-media-center/reports/linked-deposit-2011-annual-report","https://esd.ny.gov/esd-media-center/reports?tid[0]=516&page=33"
"ESD Annual PARIS Report: A Description of the Corporation's Operations and Accomplishments FY 2010 -2011","https://esd.ny.gov/esd-media-center/reports/esd-annual-paris-report-fy-10-11","https://esd.ny.gov/esd-media-center/reports?tid[0]=516&page=33"
"Empire State Development: Strategy 2010","https://cdn.esd.ny.gov/Resources/072010_ESDRoadshow.pdf","https://esd.ny.gov/esd-media-center/reports?tid[0]=516&page=33"
"Key Regulatory Changes Affecting Small Businesses - July 2010- June 2011","https://cdn.esd.ny.gov/smallbusiness/Data/111611_RegulatoryChangesSmall%20BusinessesJuly2010June2011.pdf","https://esd.ny.gov/esd-media-center/reports?tid[0]=516&page=33"
"Whistleblower Procedure","https://cdn.esd.ny.gov/corporateinformation/Data/RequiredPostings/2010/0410_WhistleblowerProcedure.pdf","https://esd.ny.gov/esd-media-center/reports?tid[0]=516&page=33"
"I Love NY - Tourism Report 2010","https://cdn.esd.ny.gov/Resources/2009_TourismAnnualReport.pdf","https://esd.ny.gov/esd-media-center/reports?tid[0]=516&page=33"
"Key Budgetary Changes Affecting Small Businesses - FY09-10 to FY10-11","https://cdn.esd.ny.gov/smallbusiness/Data/2010_SmBizBudgetaryUpdate.pdf","https://esd.ny.gov/esd-media-center/reports?tid[0]=516&page=33"
"Key Legislative Changes Affecting Small Businesses - 2010 Legislative Session","https://cdn.esd.ny.gov/smallbusiness/Data/2010LegislativeUpdate.pdf","https://esd.ny.gov/esd-media-center/reports?tid[0]=516&page=33"
"Division of Minority and Women's Business Development Annual Report 2010","https://cdn.esd.ny.gov/mwbe/Data/2010AnnualReport2010.pdf","https://esd.ny.gov/esd-media-center/reports?tid[0]=516&page=33"
"Linked Deposit 2010 Annual Report","https://esd.ny.gov/esd-media-center/reports/linked-deposit-2010-annual-report","https://esd.ny.gov/esd-media-center/reports?tid[0]=516&page=34"
"Investment Report","https://esd.ny.gov/investment-report","https://esd.ny.gov/esd-media-center/reports?tid[0]=516&page=34"
"Assessment of the Effectiveness of the Corporation's Internal Controls","https://cdn.esd.ny.gov/corporateinformation/Data/RequiredPostings/2009/AssessmentofInternalControls.pdf","https://esd.ny.gov/esd-media-center/reports?tid[0]=516&page=34"
"Directors' and Committee Meeting Minutes","https://esd.ny.gov/directors-and-committee-meeting-minutes","https://esd.ny.gov/esd-media-center/reports?tid[0]=516&page=34"
"Film Tax Credit Quarterly Reports Archive","https://esd.ny.gov/CorporateInformation/FilmTaxCreditProgramReports.html","https://esd.ny.gov/esd-media-center/reports?tid[0]=516&page=34"
"Key Budgetary Changes Affecting Small Businesses - FY08-09 to FY09-10","https://cdn.esd.ny.gov/smallbusiness/Data/2009BudgetaryUpdate.pdf","https://esd.ny.gov/esd-media-center/reports?tid[0]=516&page=34"
"Key Regulatory Changes Affecting Small Businesses - July 2009-June 2010","https://cdn.esd.ny.gov/smallbusiness/Data/2010RegulatoryUpdate.pdf","https://esd.ny.gov/esd-media-center/reports?tid[0]=516&page=34"
"Key Legislative Changes Affecting Small Businesses - 2009 Legislative Session","https://cdn.esd.ny.gov/smallbusiness/Data/2009LegislativeUpdate.pdf","https://esd.ny.gov/esd-media-center/reports?tid[0]=516&page=34"
"Division of Minority and Women's Business Development Annual Report 2009","https://cdn.esd.ny.gov/mwbe/Data/2009_AnnualReportupdated1013.pdf","https://esd.ny.gov/esd-media-center/reports?tid[0]=516&page=34"
"Board Committees","https://cdn.esd.ny.gov/corporateinformation/Data/RequiredPostings/2009/ESDBoardCommittees.pdf","https://esd.ny.gov/esd-media-center/reports?tid[0]=516&page=34"
"SWAP Guidelines: Part I & Part II","https://esd.ny.gov/swap-guidelines-part-i-part-ii","https://esd.ny.gov/esd-media-center/reports?tid[0]=516&page=35"
"SWAP Guidelines","https://esd.ny.gov/swap-guidelines","https://esd.ny.gov/esd-media-center/reports?tid[0]=516&page=35"
"ESD Annual PARIS Report: A Description of the Corporation's Operations and Accomplishments FY 2009-2010","https://esd.ny.gov/esd-media-center/reports/esd-annual-paris-report-fy-09-10","https://esd.ny.gov/esd-media-center/reports?tid[0]=516&page=35"
"ESD Annual PARIS Report: A Description of the Corporation's Operations and Accomplishments FY 2008 -2009","https://esd.ny.gov/esd-media-center/reports/esd-annual-paris-report-fy-08-09","https://esd.ny.gov/esd-media-center/reports?tid[0]=516&page=35"
"Investment Report","https://esd.ny.gov/investment-report-0","https://esd.ny.gov/esd-media-center/reports?tid[0]=516&page=35"
"Key Regulatory Changes Affecting Small Businesses - July 2008-June 2009","https://cdn.esd.ny.gov/smallbusiness/Data/2009RegulatoryUpdate.pdf","https://esd.ny.gov/esd-media-center/reports?tid[0]=516&page=35"
"An Assessment of the Effectiveness of the Corporation's Internal Control Structure and Procedures","https://esd.ny.gov/assessment-effectiveness-corporations-internal-control-structure-and-procedures","https://esd.ny.gov/esd-media-center/reports?tid[0]=516&page=35"
"Division of Minority and Women's Business Development Annual Report 2008","https://cdn.esd.ny.gov/mwbe/Data/2008DMWBD_AnnualReport.pdf","https://esd.ny.gov/esd-media-center/reports?tid[0]=516&page=35"
"SWAP Guidelines","https://esd.ny.gov/swap-guidelines-0","https://esd.ny.gov/esd-media-center/reports?tid[0]=516&page=35"
"ESD Annual PARIS Report: A Description of the Corporation's Operations and Accomplishments FY 2007-2008","https://esd.ny.gov/esd-media-center/reports/esd-annual-paris-report-fy-07-08","https://esd.ny.gov/esd-media-center/reports?tid[0]=516&page=35"
"Investment Report","https://esd.ny.gov/investment-report-1","https://esd.ny.gov/esd-media-center/reports?tid[0]=516&page=36"
"Policy Alternatives Supporting Deployment of Broadband Services in Rural Areas of New York","https://cdn.esd.ny.gov/Resources/broadband.pdf","https://esd.ny.gov/esd-media-center/reports?tid[0]=516&page=36"
"Projects Undertaken","https://esd.ny.gov/projects-undertaken","https://esd.ny.gov/esd-media-center/reports?tid[0]=516&page=36"
"An Assessment of the Corporation's Internal Control Structures and Procedures","https://cdn.esd.ny.gov/corporateinformation/Data/RequiredPostings/2007/ItemV.pdf","https://esd.ny.gov/esd-media-center/reports?tid[0]=516&page=36"
"ESD- Code of Ethics","https://cdn.esd.ny.gov/CorporateInformation/Data/RequiredPostings/2007/ItemIV.pdf","https://esd.ny.gov/esd-media-center/reports?tid[0]=516&page=36"
"ESDC - Code of Ethics","https://cdn.esd.ny.gov/corporateinformation/Data/RequiredPostings/2007/ItemIV.pdf","https://esd.ny.gov/esd-media-center/reports?tid[0]=516&page=36"
"Delivering on the Promise of New York State: AT Kearney 2007 Report","https://cdn.esd.ny.gov/Resources/atkearneyreport2007.pdf","https://esd.ny.gov/esd-media-center/reports?tid[0]=516&page=36"
"Division of Minority and Women's Business Development Annual Report 2007","https://cdn.esd.ny.gov/mwbe/Data/2007AnnualReport.pdf","https://esd.ny.gov/esd-media-center/reports?tid[0]=516&page=36"
"Cover and Table of Contents","https://cdn.esd.ny.gov/corporateinformation/Data/RequiredPostings/2007/ItemI.pdf","https://esd.ny.gov/esd-media-center/reports?tid[0]=516&page=36"
"Listing of all Real Property Owned by the Corporation Having an Estimated Fair Market Value of Greater than $15,000","https://cdn.esd.ny.gov/corporateinformation/Data/RequiredPostings/2007/ItemIII.pdf","https://esd.ny.gov/esd-media-center/reports?tid[0]=516&page=36"
"ESD Annual PARIS Report: A Description of the Corporation's Operations and Accomplishments FY 2006-2007","https://esd.ny.gov/esd-media-center/reports/esd-annual-paris-report-fy-06-07","https://esd.ny.gov/esd-media-center/reports?tid[0]=516&page=37"
"World Trade Center Economic Recovery: Rebuilding the Economy of Lower Manhattan","https://cdn.esd.ny.gov/Resources/WTCFinalReportOctober6th.pdf","https://esd.ny.gov/esd-media-center/reports?tid[0]=516&page=37"
"Brooklyn Bridge Park Development Corporation","https://cdn.esd.ny.gov/corporateinformation/Data/RequiredPostings/2014/BBPDC_subsidiaryreport.pdf","https://esd.ny.gov/esd-media-center/reports?tid[0]=516&page=37"