url,source,title,reason
https://regionalcouncils.ny.gov/sites/default/files/regions/westernny/A_Strategy_for_Prosperty_WNY_Strategic_Plan.pdf,https://esd.ny.gov/esd-media-center/press-releases/western-new-york-redc-awarded-62-million-105-projects,A Strategy for Prosperity,404
https://cdn.esd.ny.gov/corporateinformation/Data/RequiredPostings/2012/LobbyingContactsPolicy.pdf,https://esd.ny.gov/esd-media-center/webcasts?page=302,"
    ",catch-all
https://cdn.esd.ny.gov/PublicMeetings_Notices/2015/09212015_TAC_Advisory.pdf,https://esd.ny.gov/meeting-new-york-state-tourism-advisory-council-6,Meeting of the New York State Tourism Advisory Council.,catch-all
https://esd.ny.gov/corporateinformation/Data/RequiredPostings/2014/AtlanticYardsCommunityDevelopmentCorporation_subsidiaryreport.pdf,https://esd.ny.gov/esd-media-center/webcasts?page=293,"
    ",catch-all
https://cdn.esd.ny.gov/PublicMeetings_Notices/2015/09022015_RMPN_PUBLIC%2520MEETING.pdf,https://esd.ny.gov/esd-media-center/webcasts?page=266,"
    ",catch-all
https://esd.ny.gov/esd-media-center/key%20budgetary%20changes%20affecting%20small%20businesses%20-%20fy%2015-16%20to%20fy16-17,https://esd.ny.gov/esd-media-center/webcasts?page=255,"
    ",404
https://cdn.esd.ny.gov/PublicMeetings_Notices/2015/07292015_AIDAGIANTLEGALNOTICE%2520.pdf,https://esd.ny.gov/esd-media-center/webcasts?page=270,"
    ",catch-all
https://esd.ny.gov/node/58596,https://esd.ny.gov/sitemap.xml,,404
https://esd.ny.gov/c:/users/jconwall/appdata/local/microsoft/windows/temporary%20internet%20files/content.outlook/appdata/local/microsoft/windows/temporary%20internet%20files/content.ie5/jil11oat/pressoffice@esd.ny.gov,https://esd.ny.gov/esd-media-center/press-releases/esd-announces-lp-building-solutions-groundbreaking-multimillion-manufacturing-facility-steuben,[email protected],404
https://esd.ny.gov/node/57276,https://esd.ny.gov/sitemap.xml,,404
https://cdn.esd.ny.gov/MWBE/Data/OFFICIAL_COMPILATION_OF_MWBEREGS.pdf,https://esd.ny.gov/office-contractor-and-supplier-diversity,5 NYCRR § 140.1,catch-all
https://esd.ny.gov/CorporateInformation/Data/RFPs/5202014_ColumbiaManhattanville_Infosession_Q&A.pdf,https://esd.ny.gov/columbia-manhattanville-project,Information Session Q & A,catch-all
https://esd.ny.gov/CorporateInformation/Data/RFPs/05122014_USEOFNYSBUSINESSES.pdf,https://esd.ny.gov/columbia-manhattanville-project,Encouraging Use of New York State Businesses in Contract Performance,catch-all
https://esd.ny.gov/CorporateInformation/Data/RFPs/5202014_ColumbiaManhattanville_InformationSessionPresentation.pdf,https://esd.ny.gov/columbia-manhattanville-project,Information Session Presentation,catch-all
https://esd.ny.gov/CorporateInformation/Data/RFPs/05122014_ColMan_GPPMonitor_RFP1459.pdf,https://esd.ny.gov/columbia-manhattanville-project,Request for Proposals - CU Manhattanville - Compliance Monitoring Services,catch-all
https://esd.ny.gov/CorporateInformation/Data/RFPs/05202014ColumbiaManhattanvilleUpdatedRFPSchedule.pdf,https://esd.ny.gov/columbia-manhattanville-project,Updated RFP Schedule - 05/20/2014,catch-all
http://esd.ny.gov/CorporateInformation/Data/RFPs/OCSD_4GoodFaithEfforts.pdf,https://esd.ny.gov/columbia-manhattanville-project,Form OCSD-4,catch-all
https://esd.ny.gov/CorporateInformation/Data/RFPs/09192014_USEOFNYSBUSINESSES.pdf,https://esd.ny.gov/columbia-manhattanville-project,Encouraging Use of New York State Businesses in Contract Performance,catch-all
http://esd.ny.gov/CorporateInformation/Data/RFPs/OCSD_2StaffingPlan.pdf,https://esd.ny.gov/columbia-manhattanville-project,Form OCSD-2,catch-all
https://esd.ny.gov/CorporateInformation/Data/RFPs/09192014_ColManGPMonitor_RFP.pdf,https://esd.ny.gov/columbia-manhattanville-project,Request for Proposals - CU Manhattanville - Compliance Monitoring Services,catch-all
http://esd.ny.gov/CorporateInformation/Data/RFPs/OCSD_1MWBEEEOPolicyStatement.pdf,https://esd.ny.gov/columbia-manhattanville-project,Form OCSD-1,catch-all
http://esd.ny.gov/CorporateInformation/Data/RFPs/OCSD_3MWBEUtilizationPlan.pdf,https://esd.ny.gov/columbia-manhattanville-project,Form OCSD-3,catch-all
http://www.esd.ny.gov/CorporateInformation/Data/RFPs/ScheduleA_May2012.pdf,https://esd.ny.gov/columbia-manhattanville-project,ESD Standard Form Contract,catch-all
https://esd.ny.gov/CorporateInformation/Data/RFPs/5202014_ColumbiaManhattanville_Infosession_Q&A.pdf,https://esd.ny.gov/subsidiaries_projects/data/columbia/columbiamanhattanvilleadditionalresources.html,"
						Information Session Q & A",catch-all
https://esd.ny.gov/CorporateInformation/Data/RFPs/5202014_ColumbiaManhattanville_InformationSessionPresentation.pdf,https://esd.ny.gov/subsidiaries_projects/data/columbia/columbiamanhattanvilleadditionalresources.html,"
						Information Session Presentation",catch-all
https://esd.ny.gov/CorporateInformation/Data/RFPs/05122014_USEOFNYSBUSINESSES.pdf,https://esd.ny.gov/subsidiaries_projects/data/columbia/columbiamanhattanvilleadditionalresources.html,"
						Encouraging Use of New York State Businesses in Contract 
						Performance",catch-all
https://esd.ny.gov/CorporateInformation/Data/RFPs/05202014ColumbiaManhattanvilleUpdatedRFPSchedule.pdf,https://esd.ny.gov/subsidiaries_projects/data/columbia/columbiamanhattanvilleadditionalresources.html,"
						Updated RFP Schedule - 05/20/2014",catch-all
https://esd.ny.gov/CorporateInformation/Data/RFPs/05122014_ColMan_GPPMonitor_RFP1459.pdf,https://esd.ny.gov/subsidiaries_projects/data/columbia/columbiamanhattanvilleadditionalresources.html,"
					Request for Proposals - CU Manhattanville - Compliance 
					Monitoring Services",catch-all
http://esd.ny.gov/CorporateInformation/Data/RFPs/OCSD_4GoodFaithEfforts.pdf,https://esd.ny.gov/subsidiaries_projects/data/columbia/columbiamanhattanvilleadditionalresources.html,"
						Form OCSD-4 ",catch-all
http://esd.ny.gov/CorporateInformation/Data/RFPs/OCSD_3MWBEUtilizationPlan.pdf,https://esd.ny.gov/subsidiaries_projects/data/columbia/columbiamanhattanvilleadditionalresources.html,"
						Form OCSD-3 ",catch-all
http://esd.ny.gov/CorporateInformation/Data/RFPs/OCSD_2StaffingPlan.pdf,https://esd.ny.gov/subsidiaries_projects/data/columbia/columbiamanhattanvilleadditionalresources.html,"
						Form OCSD-2 ",catch-all
http://esd.ny.gov/CorporateInformation/Data/RFPs/OCSD_1MWBEEEOPolicyStatement.pdf,https://esd.ny.gov/subsidiaries_projects/data/columbia/columbiamanhattanvilleadditionalresources.html,"
						Form OCSD-1 ",catch-all
http://www.esd.ny.gov/CorporateInformation/Data/RFPs/ScheduleA_May2012.pdf,https://esd.ny.gov/subsidiaries_projects/data/columbia/columbiamanhattanvilleadditionalresources.html,"
						ESD Standard Form Contract",catch-all
https://esd.ny.gov/CorporateInformation/Data/RFPs/09192014_USEOFNYSBUSINESSES.pdf,https://esd.ny.gov/subsidiaries_projects/data/columbia/columbiamanhattanvilleadditionalresources.html,"Encouraging Use of New York State Businesses in Contract 
						Performance ",catch-all
https://esd.ny.gov/CorporateInformation/Data/RFPs/09192014_ColManGPMonitor_RFP.pdf,https://esd.ny.gov/subsidiaries_projects/data/columbia/columbiamanhattanvilleadditionalresources.html,"Request for Proposals - CU Manhattanville - Compliance 
					Monitoring Services",catch-all
https://esd.ny.gov/doing-business-ny/new-york-ventures,https://esd.ny.gov/subsidiaries_projects/data/columbia/additionalresources/neighborhoodconditions-akrf/columbiamanhattanvilleneighborhoodconditions-akrf.html,New York Ventures,404
https://esd.ny.gov/c:/users/svincent/appdata/local/microsoft/windows/inetcache/content.outlook/xa5h7ux9/kyomei.co.uk,https://esd.ny.gov/esd-media-center/press-releases/esd-announces-finalists-round-three-grow-ny-competition,"Kyomei, ",404
https://esd.ny.gov/c:/users/svincent/appdata/local/microsoft/windows/inetcache/content.outlook/xa5h7ux9/beemmunity.co,https://esd.ny.gov/esd-media-center/press-releases/esd-announces-finalists-round-three-grow-ny-competition,Beemunity,404
https://esd.ny.gov/doing-business-ny/venture-capital,https://esd.ny.gov/esd-media-center/press-releases/esd-ny-ventures-announces-250k-investment-rochester-based-mosaic-microsystems,here,404
http://data.ny.gov/api/views/26ei-n4eb/files/f4da79d0-42ba-481c-a7cb-cc4eb291ef90?download=true&filename=ESD_DatabaseOfEconomicIncentives_SnapshotAndDataDictionary.pdf,https://esd.ny.gov/database-economic-incentives,"July 31, 2020",404
https://esd.ny.gov/empire-state-digital,https://esd.ny.gov/esd-media-center/press-releases/state-encourages-new-yorkers-shop-locally-small-business-saturday,Empire State Digital,404
https://esd.ny.gov/esd-media-center/press-releases/esd-hcr-100-million-new-york-forward-loan-fund,https://esd.ny.gov/esd-media-center/press-releases/esd-expands-new-york-forward-loan-fund-include-paycheck-protection-program-recipients,launched,404
https://www.sba.gov/sites/default/files/SBA%20Export%20Business%20Planner.pdf,https://esd.ny.gov/global-ny-partners-and-resources,Export Business Planner,404
https://esd.ny.gov/sites/default/files/Belmont-Park-Arena-MWBE_0.pdf,https://esd.ny.gov/mwbe-covid19-resources, ,catch-all
https://esd.ny.gov/sites/default/files/GettingSavvySocialMedia.pdf,https://esd.ny.gov/mwbe-covid19-resources, ,catch-all
https://esd.ny.gov/sites/default/files/NYS-COVID19-Business-Resources.pdf,https://esd.ny.gov/mwbe-covid19-resources, ,catch-all
https://esd.ny.gov/sourcing-covid-19-products-nys,https://esd.ny.gov/esd-media-center/press-releases/4-million-awarded-companies-covid-19-supplies,approved,404
https://esd.ny.gov/content/submit-your-covid-19-related-business-questions-here,https://esd.ny.gov/novel-coronavirus-faq-businesses,https://esd.ny.gov/covid-19-help,404
https://esd.ny.gov/esd-media-center/press-releases/hosftra-cybersecurity,https://esd.ny.gov/esd-blog/next-generation-cybersecurity,Cybersecurity Innovation and Research Center at Hofstra University,404
https://esd.ny.gov/esd-media-center/press-releases/drone-corridor-completion,https://esd.ny.gov/esd-blog/next-generation-cybersecurity, the nation’s first 50-mile drone testing corridor,404
https://esd.ny.gov/esd-media-center/press-releases/governor-cuomo-announces-amys-kitchen-breaks-ground-east-coast-hub-orange-county,https://esd.ny.gov/esd-media-center/esd-blog/spotlight-mid-hudson,broke ground,404
https://esd.ny.gov/esd-media-center/press-releases/nysbroadband.ny.gov,https://esd.ny.gov/esd-media-center/press-releases/fcc-caf-funding,nysbroadband.ny.gov,404
https://esd.ny.gov/esd-media-center/press-releases/nysfilm.com,https://esd.ny.gov/esd-media-center/press-releases/2019-emmys-nominations,nysfilm.com,404
https://esd.ny.gov/c:%5Cusers%5Cjconwall%5Cappdata%5Clocal%5Cmicrosoft%5Cwindows%5Ctemporary%20internet%20files%5Ccontent.outlook%5Cappdata%5Clocal%5Cmicrosoft%5Cwindows%5Ctemporary%20internet%20files%5Ccontent.ie5%5Cjil11oat%5Cpressoffice@esd.ny.gov,https://esd.ny.gov/esd-media-center/press-releases/empire-state-development-awards-center-for-advanced-technoogy-binghamton-university,[email protected],404
https://esd.ny.gov/c:/users/aostrowski/appdata/local/microsoft/windows/temporary%20internet%20files/content.outlook/bh6d7okq/www.regionalcouncils.ny.gov,https://esd.ny.gov/esd-media-center/press-releases/esd-hcr-bgcs-construction-half-way-complete,www.regionalcouncils.ny.gov,404
https://esd.ny.gov/c:/users/aostrowski/appdata/local/microsoft/windows/temporary%20internet%20files/content.outlook/bh6d7okq/www.esd.ny.gov,https://esd.ny.gov/esd-media-center/press-releases/esd-hcr-bgcs-construction-half-way-complete,www.esd.ny.gov,404
https://fuzehub.com/wp-content/uploads/2018/11/FuzeHub-Competition-PR-final.pdf,https://esd.ny.gov/esd-media-center/esd-blog/high-tech-homerun-fuzehub,The latest winners,404
https://esd.ny.gov/esd-media-center/press-releases/governor-cuomo-announces-groundbreaking-24-million-ultra-dairy,https://esd.ny.gov/esd-media-center/esd-blog/winter-2019-company-expansion,Byrne Dairy’s Ultra Dairy,404
https://regionalcouncils.ny.gov/sites/default/files/regions/westernny/A_Strategy_for_Prosperty_WNY_Strategic_Plan.pdf,https://esd.ny.gov/esd-media-center/press-releases/wnyredc-cfa-letters-of-interest,A Strategy for Prosperity,404
https://esd.ny.gov/venture-capital-archive,https://esd.ny.gov/esd-media-center/esd-blog/token-talent-innovation,"
        
                        
                                                    
                            
            
                
                                              New York Ventures                                                         
                
                
                                              Learn more about how New York Ventures is meeting the critical capital needs of New York State's innovation economy by providing funding to high-growth startups.
                                                        
                                    
                                            
                            
        
        
            Learn More
        
        ",404
https://regionalcouncils.ny.gov/sites/default/files/regions/westernny/A_Strategy_for_Prosperty_WNY_Strategic_Plan.pdf,https://esd.ny.gov/esd-media-center/press-releases/2018-redc-awards-western-ny,A Strategy for Prosperity,404
https://esd.ny.gov/esd-media-center/press-releases/governor-cuomo-announces-official-grand-opening-magic-spell-studios,https://esd.ny.gov/esd-media-center/esd-blog/talent-diversity-ny-film-industry,grand opening,404
https://esd.ny.gov/esd-media-center/press-releases/governor-cuomo-announces-bausch-lomb-health-will-expand-contact-lens,https://esd.ny.gov/esd-media-center/esd-blog/high-tech-fall-new-york-state,announcement,404
https://esd.ny.gov/industries/advanced-materials-and-manufacturing,https://esd.ny.gov/esd-media-center/esd-blog/high-tech-fall-new-york-state,"
        
                        
                                                    
                            
            
                
                                              Manufacturing in New York State                                                        
                
                
                                              New York is at the forefront of the advanced materials processing industry, with a wide variety of manufacturing businesses.
                                                        
                                    
                        Advanced Materials and Manufacturing                    
                            
        
        
            Learn More
        
        ",404
https://fuzehub.com/wp-content/uploads/2018/11/FuzeHub-Competition-PR-final.pdf,https://esd.ny.gov/esd-media-center/esd-blog/fall-innovation-competitions,announced,404
https://esd.ny.gov/esd-media-center/press-releases/governor-cuomo-announces-expansion-datto-inc-downtown-rochester-and,https://esd.ny.gov/esd-media-center/esd-blog/high-tech-fall-new-york-state,announcement,404
https://esd.ny.gov/esd-media-center/press-releases/governor-cuomo-announces-grand-opening-new-dutchland-plastics,https://esd.ny.gov/esd-media-center/esd-blog/high-tech-fall-new-york-state,opened,404
https://esd.ny.gov/esd-media-center/press-releases/governor-cuomo-and-mayor-de-blasio-announce-amazon-selects-long,https://esd.ny.gov/esd-media-center/esd-blog/high-tech-fall-new-york-state,announced,404
https://esd.ny.gov/new-farmers-grant-fund-program,https://esd.ny.gov/esd-media-center/press-releases/state-agencies-announce-1-million-funding-available-support-new,online,404
https://esd.ny.gov/corporateinformation/Data/RequiredPostings/2014/AtlanticYardsCommunityDevelopmentCorporation_subsidiaryreport.pdf,https://esd.ny.gov/esd-media-center/press-releases?page=293,"
    ",catch-all
https://cdn.esd.ny.gov/corporateinformation/Data/RequiredPostings/2012/LobbyingContactsPolicy.pdf,https://esd.ny.gov/esd-media-center/press-releases?page=302,"
    ",catch-all
https://esd.ny.gov/corporateinformation/data/requiredpostings/2011/june2011_schedulefees.pdf,https://esd.ny.gov/about-us,Fee Schedule,catch-all
https://esd.ny.gov/corporateinformation/data/requiredpostings/2009/bylaws.pdf,https://esd.ny.gov/about-us,ESD By-Laws,catch-all
https://esd.ny.gov/corporateinformation/data/SKMBT_60111111417030.pdf,https://esd.ny.gov/corporate-info,Empire State Development Whistleblower Procedure,catch-all
https://esd.ny.gov/corporateinformation/data/RequiredPostings/2013/2013_ESDLobbyingContactPolicy.pdf,https://esd.ny.gov/corporate-info,Lobbying Contact Policy,catch-all
https://esd.ny.gov/corporateinformation/data/112111_LandBankGuidelines.pdf,https://esd.ny.gov/corporate-info,Land Bank Program Guidelines,catch-all
https://esd.ny.gov/corporateinformation/data/ESDInvestmentGuidelines.pdf,https://esd.ny.gov/corporate-info,Investment Guidelines,catch-all
https://cdn.esd.ny.gov/PublicMeetings_Notices/2015/07292015_AIDAGIANTLEGALNOTICE%2520.pdf,https://esd.ny.gov/esd-media-center/press-releases?page=270,"
    ",catch-all
https://cdn.esd.ny.gov/corporateinformation/Data/RequiredPostings/2012/LobbyingContactsPolicy.pdf,https://esd.ny.gov/esd-media-center?page=302,"
    ",catch-all
https://cdn.esd.ny.gov/corporateinformation/Data/RequiredPostings/2012/LobbyingContactsPolicy.pdf,https://esd.ny.gov/esd-media-center/board-meetings?page=302,"
    ",catch-all
https://esd.ny.gov/corporateinformation/Data/RequiredPostings/2014/AtlanticYardsCommunityDevelopmentCorporation_subsidiaryreport.pdf,https://esd.ny.gov/esd-media-center?page=293,"
    ",catch-all
https://esd.ny.gov/corporateinformation/Data/RequiredPostings/2014/AtlanticYardsCommunityDevelopmentCorporation_subsidiaryreport.pdf,https://esd.ny.gov/esd-media-center/board-meetings?page=293,"
    ",catch-all
https://cdn.esd.ny.gov/PublicMeetings_Notices/2015/07292015_AIDAGIANTLEGALNOTICE%2520.pdf,https://esd.ny.gov/esd-media-center/board-meetings?page=270,"
    ",catch-all
https://cdn.esd.ny.gov/PublicMeetings_Notices/2015/09022015_RMPN_PUBLIC%2520MEETING.pdf,https://esd.ny.gov/esd-media-center/board-meetings?page=266,"
    ",catch-all
https://cdn.esd.ny.gov/PublicMeetings_Notices/2015/09022015_RMPN_PUBLIC%2520MEETING.pdf,https://esd.ny.gov/esd-media-center?page=266,"
    ",catch-all
https://esd.ny.gov/key%20budgetary%20changes%20affecting%20small%20businesses%20-%20fy%2015-16%20to%20fy16-17,https://esd.ny.gov/esd-media-center?page=255,"
    ",404
https://cdn.esd.ny.gov/PublicMeetings_Notices/2015/07292015_AIDAGIANTLEGALNOTICE%2520.pdf,https://esd.ny.gov/esd-media-center?page=270,"
    ",catch-all
https://cdn.esd.ny.gov/PublicMeetings_Notices/2015/09022015_RMPN_PUBLIC%2520MEETING.pdf,https://esd.ny.gov/esd-media-center/press-releases?page=266,"
    ",catch-all
https://cdn.esd.ny.gov/corporateinformation/Data/RequiredPostings/2012/LobbyingContactsPolicy.pdf,https://esd.ny.gov/esd-media-center/esd-blog?page=302,"
    ",catch-all
https://esd.ny.gov/corporateinformation/Data/RequiredPostings/2014/AtlanticYardsCommunityDevelopmentCorporation_subsidiaryreport.pdf,https://esd.ny.gov/esd-media-center/esd-blog?page=293,"
    ",catch-all
https://cdn.esd.ny.gov/corporateinformation/Data/RequiredPostings/2012/LobbyingContactsPolicy.pdf,https://esd.ny.gov/esd-media-center/public-notices?page=302,"
    ",catch-all
https://esd.ny.gov/corporateinformation/Data/RequiredPostings/2014/AtlanticYardsCommunityDevelopmentCorporation_subsidiaryreport.pdf,https://esd.ny.gov/esd-media-center/public-notices?page=293,"
    ",catch-all
https://cdn.esd.ny.gov/PublicMeetings_Notices/2015/07292015_AIDAGIANTLEGALNOTICE%2520.pdf,https://esd.ny.gov/esd-media-center/public-notices?page=270,"
    ",catch-all
https://cdn.esd.ny.gov/PublicMeetings_Notices/2015/09022015_RMPN_PUBLIC%2520MEETING.pdf,https://esd.ny.gov/esd-media-center/public-notices?page=266,"
    ",catch-all
https://cdn.esd.ny.gov/PublicMeetings_Notices/2015/09022015_RMPN_PUBLIC%2520MEETING.pdf,https://esd.ny.gov/esd-media-center/esd-blog?page=266,"
    ",catch-all
https://cdn.esd.ny.gov/PublicMeetings_Notices/2015/07292015_AIDAGIANTLEGALNOTICE%2520.pdf,https://esd.ny.gov/esd-media-center/esd-blog?page=270,"
    ",catch-all
https://cdn.esd.ny.gov/corporateinformation/Data/RequiredPostings/2012/LobbyingContactsPolicy.pdf,https://esd.ny.gov/esd-media-center/reports?page=302,"
    ",catch-all
https://esd.ny.gov/corporateinformation/Data/RequiredPostings/2014/AtlanticYardsCommunityDevelopmentCorporation_subsidiaryreport.pdf,https://esd.ny.gov/esd-media-center/reports?page=293,"
    ",catch-all
https://cdn.esd.ny.gov/corporateinformation/Data/RequiredPostings/2012/LobbyingContactsPolicy.pdf,https://esd.ny.gov/success-stories?page=302,"
    ",catch-all
https://esd.ny.gov/corporateinformation/Data/RequiredPostings/2014/AtlanticYardsCommunityDevelopmentCorporation_subsidiaryreport.pdf,https://esd.ny.gov/success-stories?page=293,"
    ",catch-all
https://cdn.esd.ny.gov/PublicMeetings_Notices/2015/09022015_RMPN_PUBLIC%2520MEETING.pdf,https://esd.ny.gov/esd-media-center/reports?page=266,"
    ",catch-all
https://cdn.esd.ny.gov/PublicMeetings_Notices/2015/07292015_AIDAGIANTLEGALNOTICE%2520.pdf,https://esd.ny.gov/esd-media-center/reports?page=270,"
    ",catch-all
https://cdn.esd.ny.gov/PublicMeetings_Notices/2015/07292015_AIDAGIANTLEGALNOTICE%2520.pdf,https://esd.ny.gov/success-stories?page=270,"
    ",catch-all
https://cdn.esd.ny.gov/PublicMeetings_Notices/2015/09022015_RMPN_PUBLIC%2520MEETING.pdf,https://esd.ny.gov/success-stories?page=266,"
    ",catch-all
https://esd.ny.gov/esd-media-center/press-releases/governor-cuomo-announces-expansion-ellicottville-brewing-company,https://esd.ny.gov/esd-media-center/esd-blog/2018-summer-business-expansion,Ellicottville Brewing,404
https://esd.ny.gov/esd-media-center/press-releases/governor-cuomo-announces-completion-rosina-food-products-inc-22,https://esd.ny.gov/esd-media-center/esd-blog/2018-summer-business-expansion,Rosina Food Products,404
https://esd.ny.gov/esd-media-center/press-releases/governor-cuomo-announces-alexandrion-group-establish-distillery,https://esd.ny.gov/esd-media-center/esd-blog/2018-summer-business-expansion,Alexandrion Group,404
https://esd.ny.gov/esd-media-center/press-releases/riverway-projects-rochester,https://esd.ny.gov/esd-media-center/esd-blog/2018-summer-business-expansion,Roc the Riverway,404
https://esd.ny.gov/esd-media-center/press-releases/governor-cuomo-announces-construction-underway-new-tcgplayer,https://esd.ny.gov/esd-media-center/esd-blog/2018-summer-business-expansion,TCGplayer,404
https://esd.ny.gov/esd-media-center/press-releases/governor-cuomo-announces-leading-life-science-accelerator-indiebio,https://esd.ny.gov/esd-media-center/esd-blog/life-science-investment-nys,IndieBio,404
https://esd.ny.gov/c:/users/mbailey/appdata/local/microsoft/windows/temporary%20internet%20files/content.outlook/nm2x0ux3/w.governor.ny.gov/news/governor-cuomo-announces-24-million-investment-support-three-new-projects-part-buffalos,https://esd.ny.gov/esd-media-center/esd-blog/summer-2018-tourism,announced,404
https://esd.ny.gov/esd-media-center/press-releases/governor-cuomo-announces-grand-opening-new-life-sciences-incubator,https://esd.ny.gov/esd-media-center/esd-blog/life-science-investment-nys,grand opening,404
https://esd.ny.gov/c:/users/mbailey/documents/esd%20summer%20newsletter/maybe%20a%20link%20here%20-%20https:/www.iloveny.com/blog/post/favorite-things-at-the-national-comedy-center/%20or%20https:/www.iloveny.com/listing/national-comedy-center/127091/,https://esd.ny.gov/esd-media-center/esd-blog/summer-2018-tourism,National Comedy Center,404
https://www.heart.org/idc/groups/heart-public/@wcm/@adv/documents/downloadable/ucm_492899.pdf,https://esd.ny.gov/esd-media-center/esd-blog/jacobs-institute,http://www.heart.org/idc/groups/heart-public/@wcm/@adv/documents/downloadable/ucm_492899.pdf,404
https://esd.ny.gov/esd-media-center/press-releases/genius-ny-050218,https://esd.ny.gov/esd-media-center/esd-blog/nys-initiatives-by-the-numbers-2018,announced,404
https://esd.ny.gov/esd-media-center/press-releases/governor-cuomo-launches-year-five-world-renowned-43north-startup,https://esd.ny.gov/esd-media-center/esd-blog/nys-initiatives-by-the-numbers-2018,announced,404
https://esd.ny.gov/esd-media-center/press-releases/governor-cuomo-announces-winners-second-round-statewide-game-dev,https://esd.ny.gov/esd-media-center/esd-blog/nys-initiatives-by-the-numbers-2018,announced,404
https://esd.ny.gov/esd-media-center/press-releases/governor-cuomo-launches-third-round-100-million-downtown,https://esd.ny.gov/esd-media-center/esd-blog/nys-initiatives-by-the-numbers-2018,announced,404
https://esd.ny.gov/esd-media-center/press-releases/governor-cuomo-announces-viatran-expansion-western-new-york,https://esd.ny.gov/esd-media-center/esd-blog/era-expansion-new-york-state,announced,404
https://esd.ny.gov/esd-media-center/press-releases/governor-cuomo-announces-dicks-sporting-goods-add-ecommerce,https://esd.ny.gov/esd-media-center/esd-blog/era-expansion-new-york-state,announced,404
https://esd.ny.gov/c:/users/rbrazill/appdata/local/microsoft/windows/temporary%20internet%20files/content.outlook/3zycjkgo/here,https://esd.ny.gov/esd-media-center/press-releases/esd-announces-groundbreaking-expansion-achieve-adult-social-program,here.,404
https://esd.ny.gov/regions/central-new-york-archive,https://esd.ny.gov/esd-media-center/esd-blog/genius-ny-accelerator-fuels-liftoff-uas-companies,"
        
                        
                                                        
                                            
            
                
                                              Central New York Region                                                        
                
                
                                              Learn more about Central New York, where economic opportunity is rising sky-high. 
                                                        
                                    
                        Central NY                    
                            
        
        
            Learn More
        
        ",404
https://regionalcouncils.ny.gov/sites/default/files/regions/westernny/A_Strategy_for_Prosperty_WNY_Strategic_Plan.pdf,https://esd.ny.gov/esd-media-center/press-releases/empire-state-development-and-wnyredc-announce-jacobs-institute-i2r,A Strategy for Prosperity,404
https://esd.ny.gov/esd-media-center/esd-blog/nysbroadband.ny.gov,https://esd.ny.gov/esd-media-center/esd-blog/new-ny-broadband-program-round-iii,"
                
            
                                            
                                    
            
                                    
                          The New NY Broadband Program                    
                                
                
                                              Learn more about New York State's continued investment to bring broadband to all New Yorkers. 
                                    
                                                    
                        Broadband                    
                            
        
                            
                Learn More
            
                ",404
https://regionalcouncils.ny.gov/sites/default/files/regions/southerntier/greater-binghamton-call.pdf,https://esd.ny.gov/esd-media-center/press-releases/greater-binghamton-fund-proposals,Open Call for Proposals,404
https://esd.ny.gov/c:/users/kmontinarello/appdata/local/microsoft/windows/inetcache/content.outlook/2qxmvwu2/www.askaysa.com,https://esd.ny.gov/esd-media-center/press-releases/esd-announces-expansion-visualdx-monroe-county,www.askaysa.com,404
https://esd.ny.gov/sites/default/files/YourBiz_Jan2017_0.pdf,https://esd.ny.gov/esd-media-center/esd-blog/small-business-saturday, how-to guides for those starting out,catch-all
https://esd.ny.gov/esd-media-center/press-releases/governor-cuomo-announces-official-launch-luminate-ny-photonics,https://esd.ny.gov/esd-media-center/esd-blog/finger-lakes-opi,recent launch of Luminate NY,404
https://esd.ny.gov/sites/default/files/2017NYSSTEPGrantProgramApp.pdf,https://esd.ny.gov/esd-media-center/press-releases/esd-commissioner-lead-multi-sector-trade-mission-israel,this form,catch-all
https://www.ttm.com/sites/default/files/uploads/File/ANA%20HR%20Insert_Syracuse_web.pdf,https://esd.ny.gov/five-cities-are-defining-new-york-states-innovation-economy,overall quality of life,404
https://esd.ny.gov/esd-media-center/press-releases/governor-cuomo-announces-luminate-ny-now-accepting-applications,https://esd.ny.gov/esd-media-center/esd-blog/luminate-ny,announced,404
https://esd.ny.gov/moving-new-york-forward,https://esd.ny.gov/esd-media-center/esd-blog/new-york-state-continues-top-destination-company-hqs,"
        
                        
                                                    
                            
            
                
                                              Investing in Tomorrow’s Infrastructure                                                        
                
                
                                              The future of New York business is on the upswing, with a $100 billion historic investment in infrastructure to build the new New York.
                                                        
                                    
                        Blog Post                    
                            
        
        
            Learn More
        
        ",404
https://esd.ny.gov/doing-business-ny/requests-proposals/redevelopment-beacon-correctional-facility-rfei,https://esd.ny.gov/esd-media-center/press-releases/esd-announces-rfei-39-acres-former-beacon-correctional-facility-site,here.,404
https://esd.ny.gov/faculty-development-and-technology-transfer-incentive-program,https://esd.ny.gov/manufacturing-and-defense-grants,Faculty Development and Technology Transfer,404
https://esd.ny.gov/doing-business-ny/requests-proposals/south-aud-block-redevelopment,https://esd.ny.gov/esd-media-center/press-releases/echdc-announces-unique-opportunity-be-part-renaissance-buffalos,Here,404
https://esd.ny.gov/c:%5Cusers%5Cmiglj%5Cappdata%5Clocal%5Cmicrosoft%5Cwindows%5Ctemporary%20internet%20files%5Ccontent.outlook%5Czdfk64sp%5Cwww.morganmanagement.com,https://esd.ny.gov/esd-media-center/press-releases/esd-announces-grand-opening-celebration-pinnacle-north-development,www.morganmanagement.com,404
https://esd.ny.gov/c:%5Cusers%5Cmiglj%5Cappdata%5Clocal%5Cmicrosoft%5Cwindows%5Ctemporary%20internet%20files%5Ccontent.outlook%5Czdfk64sp%5Cwww.lechase.com,https://esd.ny.gov/esd-media-center/press-releases/esd-announces-grand-opening-celebration-pinnacle-north-development,www.lechase.com,404
https://esd.ny.gov/new-york-state-high-performance-computing-program,https://esd.ny.gov/manufacturing-and-defense-grants,High Performance Computing,404
http://esd.ny.gov/CorporateInformation/Data/FinancialDocuments/JDAConduitDebtSchedules_FY11.pdf,https://esd.ny.gov/job-development-authority-jda,2010-2011,catch-all
http://esd.ny.gov/CorporateInformation/Data/FinancialDocuments/JDAConduitDebtSchedule_FY12.pdf,https://esd.ny.gov/job-development-authority-jda,2011-2012 ,catch-all
http://esd.ny.gov/CorporateInformation/Data/FinancialDocuments/JDAConduitDebtSchedule_2013.pdf,https://esd.ny.gov/job-development-authority-jda,2012-2013,catch-all
http://esd.ny.gov/CorporateInformation/Data/FinancialDocuments/LDC_ConduitDebtScedule_FY13_14.pdf,https://esd.ny.gov/job-development-authority-jda,2013-2014,catch-all
http://esd.ny.gov/CorporateInformation/Data/FinancialDocuments/LDC_ConduitDebtSchedule_FY_14_15.pdf,https://esd.ny.gov/job-development-authority-jda,2014-2015,catch-all
http://esd.ny.gov/CorporateInformation/Data/FinancialDocuments/NewYorkJDA2012FS.PDF,https://esd.ny.gov/job-development-authority-jda,2011-2012,catch-all
http://esd.ny.gov/CorporateInformation/Data/FinancialDocuments/03312013_NY_Job_Development_Authority_FS.pdf,https://esd.ny.gov/job-development-authority-jda,2012-2013,catch-all
http://esd.ny.gov/CorporateInformation/Data/FinancialDocuments/06272014_NYJobDevelFinalFS2014.pdf,https://esd.ny.gov/job-development-authority-jda,2013-2014,catch-all
http://esd.ny.gov/CorporateInformation/Data/FinancialDocuments/06252015_NYJobDevelFinal_FS_2015.pdf,https://esd.ny.gov/job-development-authority-jda,2014-2015,catch-all
http://esd.ny.gov/CorporateInformation/Data/FinancialDocuments/JDA_BudgetandFinPlan2014.pdf,https://esd.ny.gov/job-development-authority-jda,Job Development Authority Budget and Financial Report for Fiscal Year ending 3/31/14,catch-all
https://test-americas.uli.org/wp-content/uploads/sites/1/ULI-Documents/Buffalo-Central-Terminal-Full-Draft-FINAL.pdf,https://esd.ny.gov/urban-land-institute-concludes-week-long-reuse-analysis-buffalos-central-terminal,here,404
https://agriculture.ny.gov/PI/RFI_for_Ag_Cooperatives.pdf,https://esd.ny.gov/industrial-hemp,Solicitation of Industrial Hemp Research Letter of Interest from Agricultural Cooperatives,404
https://esd.ny.gov/regions/new-york-city-archive,https://esd.ny.gov/esd-media-center/success-stories/fintech-makes-its-mark,"
        
                        
                                                        
                                            
            
                
                                              New York City Region                                                         
                
                
                                              Learn more about New York City,  a global center of the innovation economy.
                                                        
                                    
                        New York City                    
                            
        
        
            Learn More
        
        ",404
https://esd.ny.gov/infrastructure-investment-draft,https://esd.ny.gov/unparalleled-quality-life,infrastructure,404
https://esd.ny.gov/talented-workforce-draft,https://esd.ny.gov/unparalleled-quality-life, ,404
https://esd.ny.gov/doing-business-ny/mwbe/mwbe-report-fraud-archive,https://esd.ny.gov/sitemap.xml,,404
https://esd.ny.gov/CorporateInformation/Data/Archives/01202012_BoardMaterials/01202012_ESDCBoard_PressRelease.pdf,https://esd.ny.gov/newsroom/2012pressreleases.html,"
						01/20/2012:
						
						ESD Board Approves 
						
						Grants Leveraging More Than $153 Million in Investments to 
					Retain and Create Jobs Across New York State",catch-all
https://esd.ny.gov/subsidiaries_projects/ayp/AtlanticYards/ConstructionUpdates/070411_AYConstructionAlert.pdf,https://esd.ny.gov/subsidiaries_projects/ayp/ayconstructionupdates.html,"
					Weeks beginning July 4, 2011 & July 11, 2011",catch-all
https://esd.ny.gov/subsidiaries_projects/ayp/AtlanticYards/ConstructionUpdates/071811_AYConstructionAlert.pdf,https://esd.ny.gov/subsidiaries_projects/ayp/ayconstructionupdates.html,"
					Weeks beginning July 18, 2011 & July 25, 2011",catch-all
https://esd.ny.gov/subsidiaries_projects/ayp/AtlanticYards/ConstructionUpdates/06182012_AY_Construction_Alert.pdf,https://esd.ny.gov/subsidiaries_projects/ayp/ayconstructionupdates.html,"Week beginning June 
					18, 2012 & June 25, 2012",catch-all
https://esd.ny.gov/subsidiaries_projects/ayp/Subsidiaries_Projects/AYP/AtlanticYards/ConstructionUpdates/8272012AY_Construction_Alert.pdf,https://esd.ny.gov/subsidiaries_projects/ayp/ayconstructionupdates.html,"Week beginning 
					August 27, 2012 & September 3, 2012",catch-all
https://esd.ny.gov/subsidiaries_projects/ayp/AtlanticYards/ConstructionUpdates/08042014_AYConstructionAlert.pdf,https://esd.ny.gov/subsidiaries_projects/ayp/ayconstructionupdates.html,"
					Week beginning August 4th and August 11th, 2014",catch-all
https://esd.ny.gov/corporateinformation/Data/FinancialDocuments/JDAConduitDebtSchedules_FY11.pdf,https://esd.ny.gov/audited-financials-budget,2010-2011,catch-all
https://esd.ny.gov/corporateinformation/Data/FinancialDocuments/JDAConduitDebtSchedule_FY12.pdf,https://esd.ny.gov/audited-financials-budget,2011-2012 ,catch-all
https://esd.ny.gov/corporateinformation/Data/FinancialDocuments/JDAConduitDebtSchedule_2013.pdf,https://esd.ny.gov/audited-financials-budget,2012-2013,catch-all
https://esd.ny.gov/corporateinformation/Data/FinancialDocuments/LDC_ConduitDebtScedule_FY13_14.pdf,https://esd.ny.gov/audited-financials-budget,2013-2014,catch-all
https://esd.ny.gov/corporateinformation/Data/FinancialDocuments/LDC_ConduitDebtSchedules_FY20152016.pdf,https://esd.ny.gov/audited-financials-budget,2015-2016,catch-all
https://esd.ny.gov/corporateinformation/Data/FinancialDocuments/LDC_ConduitDebtSchedule_FY_14_15.pdf,https://esd.ny.gov/audited-financials-budget,2014-2015,catch-all
https://www.canalsidebuffalo.com/wp-content/uploads/2014/05/2017-Canalside-Programming-Application.pdf,https://esd.ny.gov/esd-media-center/press-releases/echdc-announces-applications-open-programming-and-events-canalside,2017 Canalside General Programming Application,404
https://www.canalsidebuffalo.com/wp-content/uploads/2014/05/2017-Canalside-Music-Application.pdf,https://esd.ny.gov/esd-media-center/press-releases/echdc-announces-applications-open-programming-and-events-canalside,2017 Canalside Musician Application,404
https://www.canalsidebuffalo.com/wp-content/uploads/2014/05/2017-Canalside-Event-Application.pdf,https://esd.ny.gov/esd-media-center/press-releases/echdc-announces-applications-open-programming-and-events-canalside,2017 Canalside Large Event Application,404
https://esd.ny.gov/corporateinformation/Data/FinancialDocuments/JDAfinancialstatement2010.pdf,https://esd.ny.gov/audited-financials-budget,2009-2010,catch-all
https://esd.ny.gov/corporateinformation/Data/FinancialDocuments/JobDevelAuthority09.pdf,https://esd.ny.gov/audited-financials-budget,2008-2009,catch-all
https://esd.ny.gov/corporateinformation/Data/FinancialDocuments/03312013_NY_Job_Development_Authority_FS.pdf,https://esd.ny.gov/audited-financials-budget,2012-2013,catch-all
https://esd.ny.gov/corporateinformation/Data/FinancialDocuments/NewYorkJDA2012FS.PDF,https://esd.ny.gov/audited-financials-budget,2011-2012,catch-all
https://esd.ny.gov/corporateinformation/Data/FinancialDocuments/06272014_NYJobDevelFinalFS2014.pdf,https://esd.ny.gov/audited-financials-budget,2013-2014,catch-all
https://esd.ny.gov/corporateinformation/Data/FinancialDocuments/JDAFinancialStatement2010_2011.PDF,https://esd.ny.gov/audited-financials-budget,2010-2011,catch-all
https://esd.ny.gov/corporateinformation/Data/FinancialDocuments/06252015_NYJobDevelFinal_FS_2015.pdf,https://esd.ny.gov/audited-financials-budget,2014-2015,catch-all
https://esd.ny.gov/corporateinformation/Data/FinancialDocuments/06272016_NYJDAFinancialStatement.pdf,https://esd.ny.gov/audited-financials-budget,            2015-2016,catch-all
https://esd.ny.gov/corporateinformation/Data/FinancialDocuments/UrbanDevelCorp209.pdf,https://esd.ny.gov/audited-financials-budget,Part 2,catch-all
https://esd.ny.gov/corporateinformation/Data/FinancialDocuments/UrbanDevelCorp109.pdf,https://esd.ny.gov/audited-financials-budget,Part 1,catch-all
https://esd.ny.gov/corporateinformation/Data/FinancialDocuments/UDCfinancialstatement2010.pdf,https://esd.ny.gov/audited-financials-budget,2009-2010,catch-all
https://esd.ny.gov/corporateinformation/Data/FinancialDocuments/UDCandSubsidiariesFinancialStatement2010_2011.PDF,https://esd.ny.gov/audited-financials-budget,2010-2011,catch-all
https://esd.ny.gov/corporateinformation/Data/FinancialDocuments/03312013_NYS_Urban_Development_Corp_FS.pdf,https://esd.ny.gov/audited-financials-budget,2012-2013,catch-all
https://esd.ny.gov/corporateinformation/Data/FinancialDocuments/06272014_NewYorkState_Urban_DevelopmentFinal2014.pdf,https://esd.ny.gov/audited-financials-budget,2013-2014,catch-all
https://esd.ny.gov/corporateinformation/Data/FinancialDocuments/06272016_NYSUDCFinancialStatement.pdf,https://esd.ny.gov/audited-financials-budget,2015-2016,catch-all
https://esd.ny.gov/corporateinformation/Data/FinancialDocuments/NewYorkStateUrbanDevelopment_Final_2015.pdf,https://esd.ny.gov/audited-financials-budget,2014-2015,catch-all
https://esd.ny.gov/corporateinformation/Data/FinancialDocuments/NYSUDC2012FS.PDF,https://esd.ny.gov/audited-financials-budget,2011-2012,catch-all
https://esd.ny.gov/corporateinformation/Data/FinancialDocuments/JDA_BudgetandFinPlan2014.pdf,https://esd.ny.gov/audited-financials-budget,Job Development Authority Budget and Financial Report for Fiscal Year ending 3/31/14,catch-all
https://esd.ny.gov/corporateinformation/Data/FinancialDocuments/2013_2014_ESDBudget.pdf,https://esd.ny.gov/audited-financials-budget,Empire State Development Corporation Adopted 2013-2014 Budget,catch-all
https://esd.ny.gov/corporateinformation/Data/FinancialDocuments/FinancialPlanReport_03312013.pdf,https://esd.ny.gov/audited-financials-budget,3/31/14,catch-all
https://esd.ny.gov/corporateinformation/Data/FinancialDocuments/ESD_UDCBudgetandFinPlan2014.pdf,https://esd.ny.gov/audited-financials-budget,New York State Urban Development Corporation Budget and Financial Plan Report for Fiscal Year ending,catch-all
https://esd.ny.gov/corporateinformation/Data/FinancialDocuments/JDABudgetFinancialPlanReportREVISED.pdf,https://esd.ny.gov/audited-financials-budget,Job Development Authority Budget and Financial Plan Report for Fiscal Year ending 3/31/15,catch-all
https://esd.ny.gov/corporateinformation/Data/FinancialDocuments/ESDUDCBudgetandFinPlan2015.pdf,https://esd.ny.gov/audited-financials-budget,New York State Urban Development Corporation Budget and Financial Plan Report for Fiscal Year ending 3/31/15,catch-all
https://esd.ny.gov/corporateinformation/Data/FinancialDocuments/ESD_Budget_2014_15.pdf,https://esd.ny.gov/audited-financials-budget,Empire State Development Corporation Adopted 2014-2015 Budget,catch-all
https://esd.ny.gov/corporateinformation/Data/FinancialDocuments/12302014_JDABudgetandFinPlan2016.pdf,https://esd.ny.gov/audited-financials-budget,Job Development Authority Budget and Financial Plan Report for Fiscal Year ending 3/31/16,catch-all
https://esd.ny.gov/corporateinformation/Data/FinancialDocuments/12302014_ESDUDCBudgetandFinPlan2016.pdf,https://esd.ny.gov/audited-financials-budget,New York State Urban Development Corporation Budget and Financial Plan Report for Fiscal Year ending 3/31/16,catch-all
https://esd.ny.gov/corporateinformation/Data/FinancialDocuments/JDABudgetandFinPlan2017.pdf,https://esd.ny.gov/audited-financials-budget,Job Development Authority Budget and Financial Plan Report for Fiscal Year ending 3/31/17,catch-all
https://esd.ny.gov/corporateinformation/Data/FinancialDocuments/ESDUDCBudgetandFinPlan2017.pdf,https://esd.ny.gov/audited-financials-budget,New York State Urban Development Corporation Budget and Financial Plan Report for Fiscal Year ending 3/31/17,catch-all
https://esd.ny.gov/corporateinformation/Data/FinancialDocuments/ESD_Budget_2016_2017.pdf,https://esd.ny.gov/audited-financials-budget,Empire State Development Corporation Adopted 2016-2017 Budget,catch-all
https://esd.ny.gov/corporateinformation/Data/FinancialDocuments/ESD_Budget_2015_2016.pdf,https://esd.ny.gov/audited-financials-budget,Empire State Development Corporation Adopted 2015-2016 Budget,catch-all
https://esd.ny.gov/corporateinformation/Data/FinancialDocuments/ESDUDCBudgetandFinPlan2018.pdf,https://esd.ny.gov/audited-financials-budget,New York State Urban Development Corporation Budget and Financial Plan Report for Fiscal Year ending 3/31/18,catch-all
https://esd.ny.gov/corporateinformation/Data/FinancialDocuments/JDABudgetandFinPlan2018.pdf,https://esd.ny.gov/audited-financials-budget,Job Development Authority Budget and Financial Plan Report for Fiscal Year ending 3/31/18,catch-all
https://esd.ny.gov/corporateinformation/Data/FinancialDocuments/ESDC_Adopted_2017_18_Budget.pdf,https://esd.ny.gov/audited-financials-budget,Empire State Development Corporation Adopted 2017-2018 Budget,catch-all
https://esd.ny.gov/regions/finger-lakes-archive,https://esd.ny.gov/finger-lakes-forward-uri,Learn More ,404
https://esd.ny.gov/doing-business-ny/requests-proposals/rfei-former-frontier-town-site,https://esd.ny.gov/esd-media-center/press-releases/empire-state-development-issues-rfei-redevelop-site-frontier-town,here,404
https://www.cayuga-cc.edu/pdf/campus_map_auburn.pdf,https://esd.ny.gov/esd-media-center/press-releases/central-new-york-redc-hold-public-workshops-across-region-help,Campus Map,404
https://regionalcouncils.ny.gov/sites/default/files/regions/westernny/A_Strategy_for_Prosperty_WNY_Strategic_Plan.pdf,https://esd.ny.gov/esd-media-center/press-releases/western-new-york-regional-economic-development-council-announces-dr,A Strategy for Prosperity,404
https://esd.ny.gov/minority-and-women-revolving-loan-trust-fund-program,https://esd.ny.gov/minority-and-women-owned-business-development-lending-program,Minority and Women Revolving Loan Trust Fund Program,404
https://esd.ny.gov/nys-cap-how-become-participating-lender,https://esd.ny.gov/capital-access-program,click here,404
https://esd.ny.gov/etsy-and-new-economy,https://esd.ny.gov/esd-media-center/esd-blog/made-new-york,Etsy,404
https://esd.ny.gov/cusetech-tcgplayer-and-emerging-syracuse-tech-industry,https://esd.ny.gov/esd-media-center/esd-blog/made-new-york,TCGplayer,404
https://esd.ny.gov/corporateinformation/Data/RequiredPostings/2007/ItemIIe.pdf,https://esd.ny.gov/projects-undertaken,Part V,catch-all
https://esd.ny.gov/corporateinformation/Data/RequiredPostings/2007/ItemIIc.pdf,https://esd.ny.gov/projects-undertaken,Part III,catch-all
https://esd.ny.gov/corporateinformation/Data/RequiredPostings/2007/ItemIId.pdf,https://esd.ny.gov/projects-undertaken,Part IV,catch-all
https://esd.ny.gov/corporateinformation/Data/RequiredPostings/2007/ItemIIb.pdf,https://esd.ny.gov/projects-undertaken,Part II,catch-all
https://esd.ny.gov/corporateinformation/Data/RequiredPostings/2007/ItemIIf.pdf,https://esd.ny.gov/projects-undertaken,Part VI,catch-all
https://esd.ny.gov/esd-media-center/success-stories/vicarious-visions-gaming-studio-chop,https://esd.ny.gov/esd-media-center/esd-blog/making-play-digital-games,Vicarious Visions,404
https://esd.ny.gov/corporateinformation/Data/RequiredPostings/2007/ItemIIa.pdf,https://esd.ny.gov/projects-undertaken,Part I,catch-all
https://esd.ny.gov/corporateinformation/Data/RequiredPostings/2008/paaareport-pt2.pdf,https://esd.ny.gov/assessment-effectiveness-corporations-internal-control-structure-and-procedures,Appendix A,catch-all
https://esd.ny.gov/corporateinformation/Data/RequiredPostings/2008/paaareport-pt1.pdf,https://esd.ny.gov/assessment-effectiveness-corporations-internal-control-structure-and-procedures,Report Text,catch-all
https://esd.ny.gov/corporateinformation/Data/RequiredPostings/2009/SWAP2.pdf,https://esd.ny.gov/swap-guidelines-part-i-part-ii,Part II,catch-all
https://esd.ny.gov/corporateinformation/Data/RequiredPostings/2009/SWAP1.pdf,https://esd.ny.gov/swap-guidelines-part-i-part-ii,Part I,catch-all
https://esd.ny.gov/corporateinformation/Data/RequiredPostings/2009/SWAP1.pdf,https://esd.ny.gov/swap-guidelines,Part I,catch-all
https://esd.ny.gov/corporateinformation/Data/RequiredPostings/2009/SWAP2.pdf,https://esd.ny.gov/swap-guidelines,Part II,catch-all
https://esd.ny.gov/corporateinformation/Data/RequiredPostings/2009/SWAP2.pdf,https://esd.ny.gov/esdc-swap-guidelines-0,Part II,catch-all
https://esd.ny.gov/corporateinformation/Data/RequiredPostings/2009/SWAP1.pdf,https://esd.ny.gov/esdc-swap-guidelines-0,Part I,catch-all
https://esd.ny.gov/corporateinformation/Data/RequiredPostings/2010/032610ESDMinutes.pdf,https://esd.ny.gov/directors-and-committee-meeting-minutes,"March 26, 2010",catch-all
https://esd.ny.gov/corporateinformation/Data/RequiredPostings/2009/Invest_pt4.pdf,https://esd.ny.gov/investment-report-0,Part IV,catch-all
https://esd.ny.gov/corporateinformation/Data/RequiredPostings/2012/09302012_ChartA_V2.pdf,https://esd.ny.gov/09302012-excelsior-jobs-program-quarterly-report-0,CHART A- EXCELSIOR JOBS PROGRAM QUARTERLY REPORT- Businesses Admitted To Program,catch-all
https://esd.ny.gov/corporateinformation/Data/RequiredPostings/2009/Invest_pt3.pdf,https://esd.ny.gov/investment-report-0,Part III,catch-all
https://esd.ny.gov/corporateinformation/Data/RequiredPostings/2009/Invest_pt2.pdf,https://esd.ny.gov/investment-report-0,Part II,catch-all
https://esd.ny.gov/corporateinformation/Data/RequiredPostings/2009/Invest_pt1.pdf,https://esd.ny.gov/investment-report-0,Part I,catch-all
https://esd.ny.gov/corporateinformation/Data/RequiredPostings/2012/09302012_EXCELSIORJOBSPROGRAMQUARTERLYREPORTREV.pdf,https://esd.ny.gov/09302012-excelsior-jobs-program-quarterly-report-0,09/30/2012: EXCELSIOR JOBS PROGRAM- Quarterly Report,catch-all
https://esd.ny.gov/corporateinformation/Data/RequiredPostings/2010/InvestmentReport_Part5.pdf,https://esd.ny.gov/investment-report,Part V,catch-all
https://esd.ny.gov/corporateinformation/Data/RequiredPostings/2010/InvestmentReport_Part4.pdf,https://esd.ny.gov/investment-report,Part IV,catch-all
https://esd.ny.gov/corporateinformation/Data/RequiredPostings/2012/CHART_B_BusinessesIssuedTaxCreditsforTaxYear2011.pdf,https://esd.ny.gov/12302012-excelsior-jobs-program-quarterly-report-0,CHART B- EXCELSIOR JOBS PROGRAM QUARTERLY REPORT- Businesses Issued Credits- Tax Year 2011,catch-all
https://esd.ny.gov/corporateinformation/Data/RequiredPostings/2012/Chart_A_BusinessesAdmittedT0Program.pdf,https://esd.ny.gov/12302012-excelsior-jobs-program-quarterly-report-0,CHART A- EXCELSIOR JOBS PROGRAM QUARTERLY REPORT- Businesses Admitted To Program,catch-all
https://esd.ny.gov/corporateinformation/Data/RequiredPostings/2012/12312012_ExcelsiorJobsProgramQuarteryReport.pdf,https://esd.ny.gov/12302012-excelsior-jobs-program-quarterly-report-0,12/30/2012: EXCELSIOR JOBS PROGRAM- Quarterly Report,catch-all
https://esd.ny.gov/corporateinformation/Data/RequiredPostings/2010/InvestmentReport_Part3.pdf,https://esd.ny.gov/investment-report,Part III,catch-all
http://esd.ny.gov/CorporateInformation/Data/RequiredPostings/2009/SWAP2.pdf,https://esd.ny.gov/esd-swap-guidelines,Part II,catch-all
http://esd.ny.gov/CorporateInformation/Data/RequiredPostings/2009/SWAP1.pdf,https://esd.ny.gov/esd-swap-guidelines,Part I,catch-all
https://esd.ny.gov/corporateinformation/Data/RequiredPostings/2010/InvestmentReport_Part1.pdf,https://esd.ny.gov/investment-report,Part I,catch-all
https://esd.ny.gov/corporateinformation/Data/RequiredPostings/2010/InvestmentReport_Part2.pdf,https://esd.ny.gov/investment-report,Part II,catch-all
https://esd.ny.gov/corporateinformation/Data/RequiredPostings/2010/021910ESDMinutes.pdf,https://esd.ny.gov/directors-and-committee-meeting-minutes,"February 19, 2010",catch-all
https://esd.ny.gov/corporateinformation/Data/RequiredPostings/2010/012110ESDMinutes.pdf,https://esd.ny.gov/directors-and-committee-meeting-minutes,"January 21, 2010",catch-all
https://esd.ny.gov/corporateinformation/Data/RequiredPostings/2010/121809ESDMinutes.pdf,https://esd.ny.gov/directors-and-committee-meeting-minutes,"December 18, 2009",catch-all
https://esd.ny.gov/corporateinformation/Data/RequiredPostings/2010/111909ESDMinutes.pdf,https://esd.ny.gov/directors-and-committee-meeting-minutes,"November 19, 2009",catch-all
https://esd.ny.gov/corporateinformation/Data/RequiredPostings/2010/102209ESDMinutes.pdf,https://esd.ny.gov/directors-and-committee-meeting-minutes,"October 22, 2009",catch-all
https://esd.ny.gov/corporateinformation/Data/RequiredPostings/2010/091709ESDMinutes.pdf,https://esd.ny.gov/directors-and-committee-meeting-minutes,"September 17, 2009",catch-all
https://esd.ny.gov/corporateinformation/Data/RequiredPostings/2010/081909ESDMinutes.pdf,https://esd.ny.gov/directors-and-committee-meeting-minutes,"August 19, 2009",catch-all
https://esd.ny.gov/corporateinformation/Data/RequiredPostings/2010/062309ESDMinutes.pdf,https://esd.ny.gov/directors-and-committee-meeting-minutes,"June 23, 2009",catch-all
https://esd.ny.gov/corporateinformation/Data/RequiredPostings/2010/072309ESDMinutes.pdf,https://esd.ny.gov/directors-and-committee-meeting-minutes,"July 23, 2009",catch-all
https://esd.ny.gov/corporateinformation/Data/RequiredPostings/2010/052109ESDMinutes.pdf,https://esd.ny.gov/directors-and-committee-meeting-minutes,"May 21, 2009",catch-all
https://esd.ny.gov/corporateinformation/Data/RequiredPostings/2010/041509ESDMinutes.pdf,https://esd.ny.gov/directors-and-committee-meeting-minutes,"April 15, 2009",catch-all
https://esd.ny.gov/corporateinformation/Data/RequiredPostings/2008/Invest_pt4.pdf,https://esd.ny.gov/investment-report-1,Part IV,catch-all
https://esd.ny.gov/corporateinformation/Data/RequiredPostings/2008/Invest_pt2.pdf,https://esd.ny.gov/investment-report-1,Part II,catch-all
https://esd.ny.gov/corporateinformation/Data/RequiredPostings/2008/Invest_pt3.pdf,https://esd.ny.gov/investment-report-1,Part III,catch-all
https://esd.ny.gov/corporateinformation/Data/RequiredPostings/2008/Invest_pt1.pdf,https://esd.ny.gov/investment-report-1,Part I,catch-all
https://esd.ny.gov/CorporateInformation/Data/RequiredPostings/2009/SWAP2.pdf,https://esd.ny.gov/esdc-swap-guidelines,Part II,catch-all
https://esd.ny.gov/CorporateInformation/Data/RequiredPostings/2009/SWAP1.pdf,https://esd.ny.gov/esdc-swap-guidelines,Part I,catch-all
https://esd.ny.gov/CorporateInformation/Data/RequiredPostings/2013/09302013ChartA.pdf,https://esd.ny.gov/09302013-excelsior-jobs-program-quarterly-report,CHART A- EXCELSIOR JOBS PROGRAM QUARTERLY REPORT- Businesses Admitted To Program,catch-all
https://esd.ny.gov/CorporateInformation/Data/RequiredPostings/2013/09302013EXCELSIORJOBSPROGRAMQUARTERLYREPORT9302013.pdf,https://esd.ny.gov/09302013-excelsior-jobs-program-quarterly-report,09/30/2013: EXCELSIOR JOBS PROGRAM- Quarterly Report,catch-all
https://esd.ny.gov/CorporateInformation/Data/RequiredPostings/2012/CHARTA_BusinessesAdmittedToProgram.pdf,https://esd.ny.gov/06302012-excelsior-jobs-program-quarterly-report,CHART A- EXCELSIOR JOBS PROGRAM QUARTERLY REPORT- Businesses Admitted To Program,catch-all
https://esd.ny.gov/CorporateInformation/Data/RequiredPostings/2012/06302012_EXCELSIORJOBSPROGRAMQTRRPT.pdf,https://esd.ny.gov/06302012-excelsior-jobs-program-quarterly-report,06/30/2012: EXCELSIOR JOBS PROGRAM- Quarterly Report,catch-all
https://esd.ny.gov/CorporateInformation/Data/RequiredPostings/2012/Chart_A_BusinessesAdmittedT0Program.pdf,https://esd.ny.gov/12302012-excelsior-jobs-program-quarterly-report,CHART A- EXCELSIOR JOBS PROGRAM QUARTERLY REPORT- Businesses Admitted To Program,catch-all
https://esd.ny.gov/CorporateInformation/Data/RequiredPostings/2012/12312012_ExcelsiorJobsProgramQuarteryReport.pdf,https://esd.ny.gov/12302012-excelsior-jobs-program-quarterly-report,12/30/2012: EXCELSIOR JOBS PROGRAM- Quarterly Report,catch-all
https://esd.ny.gov/CorporateInformation/Data/RequiredPostings/2013/ChartA_BusinessesAdmittedtoProgram12312013.pdf,https://esd.ny.gov/12312013-excelsior-jobs-program-quarterly-report,CHART A- EXCELSIOR JOBS PROGRAM QUARTERLY REPORT- Businesses Admitted To Program,catch-all
https://esd.ny.gov/CorporateInformation/Data/RequiredPostings/2013/edited_EXCELSIORJOBSPROGRAMQUARTERLYREPORT12312013.pdf,https://esd.ny.gov/12312013-excelsior-jobs-program-quarterly-report,12/31/2013: EXCELSIOR JOBS PROGRAM - Quarterly Report,catch-all
https://esd.ny.gov/CorporateInformation/Data/RequiredPostings/2012/09302012_EXCELSIORJOBSPROGRAMQUARTERLYREPORTREV.pdf,https://esd.ny.gov/09302012-excelsior-jobs-program-quarterly-report,09/30/2012: EXCELSIOR JOBS PROGRAM- Quarterly Report,catch-all
https://esd.ny.gov/CorporateInformation/Data/RequiredPostings/2012/09302012_ChartA_V2.pdf,https://esd.ny.gov/09302012-excelsior-jobs-program-quarterly-report,CHART A- EXCELSIOR JOBS PROGRAM QUARTERLY REPORT- Businesses Admitted To Program,catch-all
https://esd.ny.gov/CorporateInformation/Data/RequiredPostings/2013/06302013_ChartA.pdf,https://esd.ny.gov/06302013-excelsior-jobs-program-quarterly-report,CHART A- EXCELSIOR JOBS PROGRAM QUARTERLY REPORT- Businesses Admitted To Program,catch-all
https://esd.ny.gov/CorporateInformation/Data/RequiredPostings/2013/06302013_EXCELSIORJOBSPROGRAMQUARTERLYREPORT.pdf,https://esd.ny.gov/06302013-excelsior-jobs-program-quarterly-report,06/30/2013: EXCELSIOR JOBS PROGRAM- Quarterly Report,catch-all
https://esd.ny.gov/CorporateInformation/Data/RequiredPostings/2013/03312013EXCELSIORJOBSPROGRAMQUARTERLYREPORT.pdf,https://esd.ny.gov/03312013-excelsior-jobs-program-quarterly-report,03/31/2013: EXCELSIOR JOBS PROGRAM- Quarterly Report,catch-all
https://esd.ny.gov/CorporateInformation/Data/RequiredPostings/2013/03312013CHARTA-BusinessesAdmittedToProgram.pdf,https://esd.ny.gov/03312013-excelsior-jobs-program-quarterly-report,CHART A- EXCELSIOR JOBS PROGRAM QUARTERLY REPORT - Businesses Admitted To Program,catch-all
